SiteID,DEPTH_FROM,DEPTH_TO,Sample,Weight,Description,AuPPM,AgPPM,AlPPM,AsPPM,BaPPM,BePPM,BiPPM,CaPPM,CdPPM,CePPM,CoPPM,CrPPM,CsPPM,CuPPM,FePPM,GaPPM,GePPM,HfPPM,InPPM,KPPM,LaPPM,LiPPM,MgPPM,MnPPM,MoPPM,NaPPM,NbPPM,NiPPM,PPPM,PbPPM,RbPPM,RePPM,SPPM,SbPPM,ScPPM,SePPM,SnPPM,SrPPM,TaPPM,TePPM,ThPPM,TiPPM,TlPPM,UPPM,VPPM,WPPM,YPPM,ZnPPM,ZrPPM,DyPPM,ErPPM,EuPPM,GdPPM,HoPPM,LuPPM,NdPPM,PrPPM,SmPPM,TbPPM,TmPPM,YbPPM,Al2O3PPM,BaOPPM,CaOPPM,Fe2O3PPM,K2OPPM,MgOPPM,Na2OPPM,P2O5PPM,TiO2PPM,Cr2O3PPM,MnOPPM,SrOPPM,BaOPPM,P2O5PPM,Cr2O3PPM,MnOPPM,SrOPPM,SiO2PPM,LOIPPM,TotalPPM,CPPM,HgPPM,Na/Al (Molar),K/Al (Molar)
GTK-21-01,486.6,487.8,half-NQ2,4.47,magnetite-hematite ironstone,0.007,0.03,1200,2.7,10,2.48,0.36,18700,0.05,1560,56.6,3,0.025,339,429000,21.8,1.56,0.2,0.053,0.005,510,0.6,0.05,111,2.44,200,19.3,38.6,9930,3.2,0.3,0.003,200,0.68,3.6,1,15.9,66.7,0.65,0.025,35,1160,0.01,7.6,548,3.2,142.5,4,9.2,32.6,11.7,8.9,81,4.95,0.68,636,170.5,110,8.52,1.41,6.27,0.226736,11.164951,2.616479,61.335396,0.006023,0.082914,0.026959,22753.2589,0.193492,4.38467,143.326227,78.879369,0.001116,2.275326,0.000438467,0.014333,0.007888,,,,,,0.195605409,0.028753956
GTK-21-01,487.8,489,half-NQ2,4.88,magnetite-hematite ironstone,0.007,0.01,1000,4.6,10,2.36,0.42,25800,0.03,2940,56.9,3,0.025,199.5,461000,31.4,2.79,0.1,0.055,0.005,970,0.5,0.03,123,2.8,200,20.7,50.7,14550,3.3,0.4,0.005,100,0.57,4.1,0.5,15.4,88.1,0.63,0.025,49,1450,0.01,8.9,575,3.8,285,3,3.3,60.5,21.3,17.45,143,9.18,1.23,1315,328,208,15.4,2.47,11.35,0.188946,11.164951,3.609901,65.91053,0.006023,0.049748,0.026959,,0.241865,4.38467,158.820955,104.186993,0.001116,,0.000438467,0.015882,0.010419,,,,,,0.234726491,0.034504747
GTK-21-01,489,490,half-NQ2,4.06,magnetite-hematite ironstone w/ ankerite,0.005,0.02,1300,4,10,1.11,0.5,29600,0.05,1935,63.9,5,0.025,342,432000,26.5,1.99,0.1,0.046,0.005,650,1,0.09,126,1.68,100,19.8,46,16300,4.4,0.4,0.004,200,0.55,3.8,0.5,14.6,98.8,0.62,0.025,53.8,1170,0.01,6.7,505,2.9,216,7,5.4,48.2,17,12.25,111.5,7.56,0.94,816,215,146,11.9,1.91,8.71,0.24563,11.164951,4.141592,61.764315,0.006023,0.149245,0.01348,,0.19516,7.307783,162.694636,116.840804,0.001116,,0.000730778,0.016269,0.011684,,,,,,0.09027942,0.026542113
GTK-21-01,490,491,half-NQ2,4.2,magnetite-hematite ironstone,0.005,0.02,1100,3.2,10,1.01,0.29,20900,0.03,1320,71.2,1,0.025,476,476000,21.6,1.36,0.2,0.047,0.005,437,0.8,0.08,100,1.97,100,20.8,49.3,11100,2.9,0.2,0.002,300,0.53,3.8,0.5,14.7,55.7,0.69,0.025,35.7,1280,0.01,5.3,550,2.6,157,6,8.3,34.6,11.6,7.87,76.1,5.1,0.66,541,142.5,97.3,8.46,1.34,6.29,0.207841,11.164951,2.9243,68.055125,0.006023,0.132662,0.01348,,0.213508,1.461557,129.122727,65.870777,0.001116,,0.000146156,0.012912,0.006587,,,,,,0.106693859,0.031367952
GTK-21-01,491,492,half-NQ2,4.3,magnetite-hematite ironstone,0.005,0.02,1200,3.9,10,1.43,0.4,23700,0.03,2110,55.2,2,0.025,417,489000,27,2.06,0.05,0.045,0.005,710,0.9,0.08,101,2.13,100,20.6,48.9,12500,3.9,0.3,0.006,200,0.63,3.9,0.5,16.2,78.8,0.56,0.025,46.4,1550,0.01,8.2,601,2.1,202,5,2,48,16.25,12,108.5,7.28,0.95,858,229,151,11.4,1.93,8.53,0.226736,11.164951,3.316072,69.913773,0.006023,0.132662,0.01348,,0.258545,2.923113,130.413955,93.18882,0.001116,,0.000292311,0.013041,0.009319,,,,,,0.097802704,0.028753956
GTK-21-01,492,493,half-NQ2,4.2,magnetite-hematite ironstone,0.005,0.04,1100,3,10,1.28,1.19,25700,0.01,1545,37.4,5,0.025,480,354000,21,1.52,0.05,0.051,0.005,520,0.8,0.06,101,1.77,100,11.9,35.7,13150,3.3,0.4,0.004,200,0.55,3.4,0.5,11.3,78.9,0.32,0.025,45.3,1110,0.01,6.3,416,2,273,4,2,54.1,21.9,9.46,93.4,9.27,1.28,644,171.5,117,11.5,2.7,12.85,0.207841,11.164951,3.595909,50.612425,0.006023,0.099497,0.01348,,0.185152,7.307783,130.413955,93.30708,0.001116,,0.000730778,0.013041,0.009331,,,,,,0.106693859,0.031367952
GTK-21-01,493,494,half-NQ2,3.96,magnetite-hematite ironstone,0.006,0.06,1000,3.7,10,1.09,8.23,22700,0.02,1295,23.4,2,0.025,2410,393000,18.1,1.31,0.05,0.114,0.01,428,0.7,0.03,109,5.54,100,18.8,22.9,12350,4.8,0.3,0.003,800,0.54,3.5,1,17.7,85.5,0.54,0.025,36.9,1730,0.01,5.4,514,2,198.5,4,2.3,42.8,16.45,8.1,82,7.17,0.92,524,139.5,98.4,9.52,1.89,8.85,0.188946,11.164951,3.176153,56.18837,0.012046,0.049748,0.01348,,0.28857,2.923113,140.743773,101.112235,0.001116,,0.000292311,0.014074,0.010111,,,,,,0.117363245,0.069009494
GTK-21-01,494,495.05,half-NQ2,3.78,magnetite-hematite ironstone,0.005,0.03,4900,3.8,20,1.4,0.4,34000,0.02,1840,30.6,3,0.1,397,401000,25.1,1.82,0.1,0.103,0.3,620,2.1,0.13,215,1.99,200,18.7,35.5,17850,5,6.2,0.003,200,0.77,4,0.5,20.1,97.4,0.49,0.025,52.1,1720,0.01,6.8,483,3.6,203,8,3.4,47.6,15.8,10.9,104,7.19,0.89,766,203,137,11.7,1.82,8.71,0.925837,22.329902,4.757234,57.332153,0.361382,0.215576,0.026959,,0.286902,4.38467,277.613864,115.185165,0.002233,,0.000438467,0.027761,0.011519,,,,,,0.047903365,0.422507106
GTK-21-01,495.05,495.81,half-NQ2,1.84,khaki (weathered chloritic?) volcanic w/ mt-hem veining [0.5m core loss below],0.008,0.03,54200,2.6,160,5.67,2.87,21500,0.02,1410,29.2,3,0.64,297,204000,35.8,1.36,5.2,0.265,4.51,470,10.9,0.39,125,0.85,700,17.5,30.6,10800,5.4,81.7,0.003,100,1.15,8.8,1,10.7,77,0.7,0.025,31.8,4650,0.14,8.7,201,8,93.5,18,224,25.2,7.88,8.02,70.3,3.46,0.59,573,153,101.5,7.04,0.98,4.97,10.240888,178.639216,3.008251,29.166482,5.432773,0.646728,0.094358,,0.775636,4.38467,161.403409,91.060141,0.017864,,0.000438467,0.01614,0.009106,,,,,,0.015157615,0.574230292
GTK-21-01,496.29,497,half-NQ2,1.8,khaki (weathered chloritic?) volcanic [0.5m core loss above],0.007,0.12,61200,1.1,170,10.3,0.66,10700,0.02,269,33.3,3,0.54,2950,213000,30.3,0.4,5,0.252,4.48,116.5,13.7,0.37,127,7.09,1000,11.3,23.9,5090,4.1,72.2,0.001,1000,0.68,6.9,1,7.7,79.7,0.48,0.025,7.13,4500,0.13,4.9,132,6.1,31.2,19,232,6.89,3.23,1.83,14.85,1.18,0.35,120.5,32.1,21.4,1.62,0.46,2.73,11.563511,189.804167,1.49713,30.453239,5.396635,0.613562,0.134797,11663.05013,0.750616,4.38467,163.985864,94.253159,0.01898,1.166305,0.000438467,0.016399,0.009425,,,,,,0.019177001,0.505167538
GTK-21-01,497,497.94,half-NQ2,2.63,khaki (chloritic?) volcanic w/ mnr massive magnetite,0.009,0.08,42100,2.3,140,4.8,1.1,12300,0.02,1300,25.1,3,0.27,1380,239000,35.8,1.27,5.1,0.195,3.8,428,6.8,0.23,122,33,700,27.1,15.5,6200,5.2,55.1,0.008,700,1.35,9.5,1,11.7,65.9,0.91,0.025,19,5410,0.08,8.2,237,7.2,61.6,14,229,16.5,5.61,6.99,56.5,2.38,0.53,522,140,92.1,5.02,0.78,4.25,7.954638,156.309314,1.720999,34.170535,4.577503,0.381403,0.094358,14206.46578,0.902407,4.38467,157.529727,77.93329,0.015631,1.420647,0.000438467,0.015753,0.007793,,,,,,0.019514079,0.622888545
GTK-21-01,497.94,499,half-NQ2,3.94,magnetite-hematite ironstone w/ quartz,0.006,0.07,1600,2.6,10,1.08,1.13,28200,0.03,1415,15.9,9,0.025,1350,379000,18.8,1.46,0.05,0.076,0.07,470,0.7,0.02,149,15.15,200,14,21.6,14350,4,1.4,0.005,700,0.62,5,2,14.4,76.3,0.34,0.025,42.2,1900,0.01,4.3,445,4.6,175.5,5,3.2,39.5,14.7,8.98,84.7,6.47,0.86,608,158,112.5,9.44,1.85,8.04,0.302314,11.164951,3.945706,54.186748,0.084322,0.033166,0.026959,,0.316927,13.15401,192.392864,90.232322,0.001116,,0.001315,0.019239,0.009023,,,,,,0.146704057,0.301916536
GTK-21-01,499,500,half-NQ2,3.94,magnetite-hematite ironstone w/ quartz,0.006,0.01,1100,4.6,10,1.65,0.81,37800,0.03,2590,15.3,3,0.025,213,381000,25.7,2.49,0.1,0.064,0.01,830,0.5,0.01,179,4.1,200,12.9,22.2,20200,3.9,0.5,0.005,100,0.68,4.3,0.5,13.2,91.8,0.37,0.025,64.4,1340,0.01,5.9,418,4.7,279,3,2.2,61.1,21.8,16.3,146,9.85,1.21,1175,288,195,15.65,2.61,11.7,0.207841,11.164951,5.288925,54.472694,0.012046,0.016583,0.026959,,0.223517,4.38467,231.129682,108.56261,0.001116,,0.000438467,0.023113,0.010856,,,,,,0.213387719,0.062735904
GTK-21-01,500,500.9,half-NQ2,3.28,magnetite-hematite ironstone,0.007,0.06,2000,3.4,10,2.13,0.39,18000,0.04,1495,16.6,5,0.025,266,423000,18.95,1.47,0.05,0.099,0.01,500,1.4,0.04,271,3.5,200,15.6,22.6,9590,4.4,0.5,0.003,100,0.94,4.3,0.5,14.6,99.6,0.44,0.025,39.2,1690,0.01,10,487,9.5,198.5,4,1.9,42.6,15.2,8.85,83.2,6.7,0.94,615,162.5,112.5,9.5,1.82,9.04,0.377893,11.164951,2.518536,60.477558,0.012046,0.066331,0.026959,21974.19464,0.281898,7.307783,349.922591,117.786884,0.001116,2.197419,0.000730778,0.034992,0.011779,,,,,,0.117363245,0.034504747
GTK-21-01,500.9,502.03,half-NQ2,2.28,volcanic,0.006,0.03,56800,1.4,180,4.42,0.2,4900,0.01,328,66.7,4,0.25,498,197000,24,0.42,7.1,0.087,5.96,140.5,7.3,0.36,98,1.47,700,19.4,33.6,2480,3.3,69.8,0.001,100,0.84,5.6,1,9.3,30.7,0.78,0.025,8.13,4890,0.11,6.7,173,4.2,31.4,21,318,6.98,3.14,2.05,16.25,1.19,0.39,143,38.8,24.7,1.68,0.47,2.92,10.732148,200.969118,0.685601,28.165671,7.179451,0.596979,0.094358,5682.58631,0.815669,5.846227,126.540273,36.305797,0.020097,0.568259,0.000584623,0.012654,0.003631,,,,,,0.01446378,0.724113705
GTK-21-01,502.03,503,half-NQ2,3.76,magnetite-hematite ironstone,0.006,0.01,1500,4.5,10,0.87,0.3,31500,0.03,1870,22.4,4,0.025,86.5,391000,21.9,1.83,0.05,0.044,0.05,640,0.8,0.05,158,1.78,200,19.1,19.3,17250,4.2,1,0.004,100,0.64,3.3,0.5,17.1,72.5,0.44,0.025,62.6,1650,0.01,7.4,473,2.3,184,6,2.2,46.2,15.1,11.65,106.5,6.9,0.8,777,206,139,11.3,1.75,7.82,0.283419,11.164951,4.407438,55.902424,0.06023,0.082914,0.026959,,0.275226,5.846227,204.013909,85.738445,0.001116,,0.000584623,0.020401,0.008574,,,,,,0.156484327,0.230031647
GTK-21-01,503,504,half-NQ2,4.34,magnetite-hematite ironstone,0.006,0.01,800,4,10,0.76,0.19,17900,0.04,1220,18.2,11,0.025,233,425000,16.3,1.29,0.1,0.045,0.01,411,0.6,0.05,103,2.13,100,17.2,20.2,9430,2.8,0.3,0.002,100,0.74,3.4,0.5,16,39.9,0.48,0.025,30.8,1690,0.01,4.2,523,3.1,134.5,4,4.1,32.9,11.65,7.96,72.4,4.8,0.63,513,134.5,94.4,7.77,1.43,6.32,0.151157,11.164951,2.504544,60.763504,0.012046,0.082914,0.01348,21607.57617,0.281898,16.077123,132.996409,47.185709,0.001116,2.160758,0.001608,0.0133,0.004719,,,,,,0.146704057,0.086261868
GTK-21-01,504,505,half-NQ2,3.38,ironstone w/ quartz; trace chalcopyrite,0.007,0.02,2300,4.8,10,0.83,0.32,20900,0.04,1390,39.5,13,0.025,213,337000,21.9,1.36,0.05,0.052,0.02,470,1.6,0.17,118,3.33,100,13.3,28.9,10950,3.6,0.8,0.003,200,0.8,3.4,0.5,11.6,45.2,0.23,0.025,35.4,1280,0.01,4.8,384,2.6,121.5,7,2.6,30.6,11.45,8.28,74.4,4.49,0.56,578,152.5,103.5,7.96,1.12,5.36,0.434576,11.164951,2.9243,48.181884,0.024092,0.281907,0.01348,,0.213508,19.000237,152.364818,53.453485,0.001116,,0.0019,0.015236,0.005345,,,,,,0.051027498,0.060008256
GTK-21-01,505,506,half-NQ2,4.2,magnetite-hematite ironstone; trace pyrite?,0.0025,0.01,600,3.4,10,0.53,0.21,25200,0.02,1265,33.3,3,0.025,178,411000,16.55,1.26,0.1,0.039,0.01,420,0.4,0.04,112,1.35,100,16.6,23.6,13050,3.1,0.3,0.003,100,0.56,3.1,0.5,13.4,45.8,0.46,0.025,38.9,1250,0.01,4,495,2.8,147.5,5,6.9,34.6,11.65,7.79,73.7,5.19,0.63,528,139.5,94.8,8.31,1.35,6.39,0.113368,11.164951,3.52595,58.761883,0.012046,0.066331,0.01348,,0.208504,4.38467,144.617455,54.163045,0.001116,,0.000438467,0.014462,0.005416,,,,,,0.195605409,0.115015823
GTK-21-01,506,507,half-NQ2,4.22,magnetite-hematite ironstone; trace chalcopyrite,0.0025,0.01,800,4.9,10,0.63,0.23,26800,0.03,1880,55,3,0.025,228,441000,26.9,1.93,0.1,0.036,0.005,660,0.6,0.06,124,1.91,100,18.8,39,14550,3.4,0.2,0.004,200,0.45,2.9,0.5,9.8,59.1,0.62,0.025,48.8,1110,0.01,5.2,569,2.3,171.5,5,8.7,40.1,12.3,11.85,101,5.57,0.65,848,225,146.5,10.35,1.43,6.19,0.151157,11.164951,3.74982,63.051071,0.006023,0.099497,0.01348,,0.185152,4.38467,160.112182,69.891615,0.001116,,0.000438467,0.016011,0.006989,,,,,,0.146704057,0.043130934
GTK-21-01,507,508,half-NQ2,4.26,ironstone w/ trace chalcopyrite,0.0025,0.005,600,2.9,10,0.54,0.17,19300,0.02,1195,65.9,6,0.025,153.5,459000,20.8,1.26,0.5,0.027,0.01,411,0.4,0.04,99,1.85,100,23.2,38.6,10100,2.5,0.3,0.002,200,0.35,2.8,0.5,8.3,38,0.64,0.025,34,1180,0.01,4.7,601,1.4,124.5,5,21.6,28.5,9.35,7.4,68.3,4.07,0.56,497,130,91,7.31,1.1,5.11,0.113368,11.164951,2.70043,65.624584,0.012046,0.066331,0.01348,,0.196828,8.76934,127.8315,44.938771,0.001116,,0.000876934,0.012783,0.004494,,,,,,0.195605409,0.115015823
GTK-21-01,508,509,half-NQ2,3.78,ironstone w/ trace chalcopyrite; quartz vein w/ molybdenite,0.0025,0.08,1000,2.8,10,0.69,2.14,22500,0.02,1085,45.9,6,0.025,1030,386000,18.45,1.16,0.7,0.055,0.01,387,0.6,0.07,114,7.76,100,18.1,24.5,11600,3.7,0.4,0.002,500,0.43,3.8,1,11.3,42.6,0.59,0.025,37.3,1660,0.01,4.9,529,1.6,124.5,6,31.4,29.3,10.1,7.06,63.7,4.39,0.64,466,122.5,86.2,7.37,1.22,5.76,0.188946,11.164951,3.14817,55.187559,0.012046,0.116079,0.01348,,0.276894,8.76934,147.199909,50.378727,0.001116,,0.000876934,0.01472,0.005038,,,,,,0.117363245,0.069009494
GTK-21-01,509,510,half-NQ2,4.15,magnetite-hematite ironstone; trace pyrite,0.005,0.03,1100,2.8,10,0.59,0.61,26200,0.04,1590,58.4,3,0.025,638,461000,23.7,1.54,0.1,0.051,0.005,550,0.6,0.08,157,4.8,100,19.5,35.9,13450,3.8,0.3,0.003,400,0.45,3.5,0.5,11.4,54.8,0.66,0.025,42.4,1680,0.01,5.1,619,1.8,132,5,7.2,33,10.45,9.21,81.2,4.75,0.57,664,179,117.5,8.72,1.18,5.28,0.207841,11.164951,3.665869,65.91053,0.006023,0.132662,0.01348,,0.28023,4.38467,202.722682,64.806438,0.001116,,0.000438467,0.020272,0.006481,,,,,,0.106693859,0.031367952
GTK-21-01,510,510.75,half-NQ2,2.62,ironstone w/ tr chalcopyrite & bornite [0.21m OZ sample below],0.013,0.24,1500,3.8,10,0.51,8.14,18700,0.03,844,90.7,14,0.025,3380,345000,15.4,0.87,1,0.096,0.02,298,0.8,0.11,134,43.5,100,17.3,30.3,9820,7.2,0.6,0.004,2000,0.38,3.8,5,8.7,39.1,0.55,0.16,30.9,1560,0.01,5.8,470,1.4,107,9,37.4,22.3,7.88,5.44,51.8,3.51,0.51,354,93.4,66.1,5.66,0.95,4.58,0.283419,11.164951,2.616479,49.325668,0.024092,0.18241,0.01348,22501.2087,0.260213,20.461793,173.024455,46.23963,0.001116,2.250121,0.002046,0.017302,0.004624,,,,,,0.078242164,0.092012659
GTK-21-01,510.96,512,half-NQ2,4.41,ironstone w/ trace chalcopyrite [0.21m OZ sample above],0.005,0.02,700,2.8,10,0.49,0.49,21500,0.03,1320,50.7,3,0.025,366,450000,19.3,1.33,0.2,0.074,0.005,434,0.4,0.05,144,8.44,100,19,22.6,11300,3.3,0.2,0.003,300,0.49,4.1,0.5,14,50.9,0.58,0.025,35.9,2330,0.01,6,578,2.3,126,5,6.7,30.8,9.9,7.99,73.1,4.3,0.57,552,145,100.5,7.89,1.1,5.2,0.132262,11.164951,3.008251,64.337828,0.006023,0.082914,0.01348,,0.388652,4.38467,185.936727,60.194301,0.001116,,0.000438467,0.018594,0.006019,,,,,,0.167661779,0.049292496
GTK-21-01,512,513,half-NQ2,3.37,"ironstone w/ tr sulphide, partially vuggy ironstone; tr cpy",0.005,0.04,500,3.4,10,0.67,2.75,40700,0.02,2190,42.6,3,0.025,524,370000,24.1,2.1,0.2,0.074,0.005,710,0.4,0.03,166,10.15,100,14.1,25,22800,5,0.3,0.004,300,0.41,3.3,0.5,8.5,102,0.59,0.025,65,1700,0.01,6.8,473,1.7,219,3,9.6,53.1,16.65,13.65,126.5,7.89,0.81,932,245,169.5,13.4,1.81,7.99,0.094473,11.164951,5.694689,52.899992,0.006023,0.049748,0.01348,,0.283566,4.38467,214.343727,120.625122,0.001116,,0.000438467,0.021434,0.012063,,,,,,0.234726491,0.069009494
GTK-21-01,513,514,half-NQ2,4.71,magnetite-hematite ironstone w/ trace chalcopyrite,0.0025,0.03,800,3.1,10,0.55,0.95,26000,0.03,1495,50.6,6,0.025,1000,431000,21.5,1.61,0.3,0.053,0.01,560,0.5,0.05,133,6.31,100,18.6,24,13150,4.1,0.3,0.003,700,0.45,4.2,0.5,11.6,63.5,0.54,0.025,40.3,2470,0.01,6.2,559,1.7,174,5,12.6,39,13.1,10.2,92.6,5.77,0.66,693,181.5,125,10.2,1.41,6.44,0.151157,11.164951,3.637885,61.621342,0.012046,0.082914,0.01348,,0.412005,8.76934,171.733227,75.095051,0.001116,,0.000876934,0.017173,0.00751,,,,,,0.146704057,0.086261868
GTK-21-01,514,515,half-NQ2,4.11,magnetite-hematite ironstone w/ trace chalcopyrite,0.007,0.05,700,1.6,10,0.29,5.78,13200,0.02,490,69.7,2,0.025,2800,463000,14.3,0.68,0.5,0.095,0.01,209,0.4,0.04,88,11.25,100,20.5,36.5,6920,4.2,0.4,0.002,1700,0.42,3.9,2,9.6,28.5,0.68,0.025,28.5,2330,0.01,4.7,582,1.3,74.6,4,27.4,16.4,6.52,3.4,33.5,2.64,0.39,233,61.8,43.2,3.71,0.74,3.49,0.132262,11.164951,1.846926,66.196476,0.012046,0.066331,0.01348,15856.2489,0.388652,2.923113,113.628,33.704078,0.001116,1.585625,0.000292311,0.011363,0.00337,,,,,,0.167661779,0.098584991
GTK-21-01,515,516,half-NQ2,4.25,magnetite-hematite ironstone w/ trace chalcopyrite,0.005,0.01,500,2.2,10,0.35,0.64,30900,0.03,1075,64.2,2,0.025,677,444000,17.45,1.16,0.2,0.044,0.01,371,0.3,0.03,139,2.86,100,21.3,26.8,15950,3.6,0.4,0.002,700,0.4,4.1,0.5,11.3,73.4,0.62,0.025,51.1,2690,0.01,7.1,572,1,184,3,8.6,38.2,13.25,7.07,68.3,5.95,0.79,462,122.5,87.6,8.56,1.58,7.33,0.094473,11.164951,4.323486,63.47999,0.012046,0.049748,0.01348,,0.448701,2.923113,179.480591,86.802784,0.001116,,0.000292311,0.017948,0.00868,,,,,,0.234726491,0.138018988
GTK-21-01,516,517,half-NQ2,3.98,ironstone w/ quartz-ankerite; trace chalcopyrite; trace bornite initially noted during drilling?,0.009,0.07,800,4,10,0.66,20.1,50600,0.02,2490,59.3,5,0.025,2720,380000,29.5,2.45,0.2,0.086,0.01,850,0.6,0.05,198,28.5,200,13.7,42.1,27000,11.6,0.5,0.007,1400,0.44,4,1,8.5,143,0.43,0.06,133,1830,0.01,14.2,457,1.3,265,5,8.4,62.7,19.35,15.6,144,9.32,1.01,1115,295,199.5,15.8,2.19,9.81,0.151157,11.164951,7.079884,54.329721,0.012046,0.082914,0.026959,,0.30525,7.307783,255.663,169.111691,0.001116,,0.000730778,0.025566,0.016911,,,,,,0.293408113,0.086261868
GTK-21-01,517,518,half-NQ2,4.06,magnetite-hematite ironstone w/ trace chalcopyrite-pyrite,0.0025,0.01,800,2.1,10,0.47,0.55,22600,0.01,1100,50.1,3,0.025,616,399000,18.35,1.13,0.3,0.049,0.01,395,0.5,0.06,113,2.99,100,16.6,29.3,11400,3.4,0.3,0.002,500,0.46,3.8,0.5,11.3,56.2,0.5,0.025,35.9,2390,0.01,5.9,509,1.2,121.5,3,11.4,29.3,9.62,6.77,63.3,4.24,0.52,474,127.5,87,7.16,1.13,5.29,0.151157,11.164951,3.162162,57.046207,0.012046,0.099497,0.01348,,0.39866,4.38467,145.908682,66.462077,0.001116,,0.000438467,0.014591,0.006646,,,,,,0.146704057,0.086261868
GTK-21-01,518,519,half-NQ2,4.24,magnetite-hematite ironstone w/ trace chalcopyrite-pyrite,0.0025,0.01,2100,2.3,10,0.41,0.49,25300,0.04,1620,42.5,4,0.025,490,365000,22.4,1.67,0.6,0.047,0.17,590,0.6,0.05,127,1.18,100,15.6,22.9,13300,4.4,2.6,0.003,500,0.45,3.5,0.5,10.8,71.2,0.5,0.025,44.6,2390,0.01,6.9,477,1.1,191,4,25.5,39.7,13.3,10.2,91.1,6.04,0.76,728,192,128,9.99,1.55,7.41,0.396787,11.164951,3.539942,52.185127,0.204783,0.082914,0.01348,,0.39866,5.846227,163.985864,84.201066,0.001116,,0.000584623,0.016399,0.00842,,,,,,0.05588726,0.558648285
GTK-21-01,519,520.25,half-NQ2,3.78,ironstone w/ trace chalcopyrite-pyrite; possible trace moly??,0.0025,0.02,6000,1.6,20,0.56,2.13,28100,0.02,1050,56.1,5,0.025,1200,384000,19.9,1.14,0.8,0.067,0.58,371,1.1,0.09,150,2.9,200,14.1,23.4,14700,4.9,8.2,0.003,700,0.45,4.2,0.5,10.3,77.2,0.46,0.025,40.1,2460,0.01,5.7,498,1.4,134,8,37,31,10.75,6.5,61.8,4.44,0.61,461,120.5,88.5,6.89,1.21,5.8,1.133678,22.329902,3.931714,54.901613,0.698671,0.149245,0.026959,,0.410336,7.307783,193.684091,91.296661,0.002233,,0.000730778,0.019368,0.00913,,,,,,0.039121082,0.667091776
GTK-21-01,520.25,521.5,half-NQ2,4.81,magnetite-hematite ironstone w/ quartz; trace chalcopyrite-pyrite,0.005,0.01,5000,2,20,0.74,0.32,18700,0.03,795,43.6,11,0.025,285,362000,13.45,0.87,0.7,0.054,0.45,287,1,0.11,141,1.81,100,15.1,18.1,9400,2.4,6.6,0.002,400,0.55,4,0.5,11.9,51.8,0.48,0.025,36.3,3210,0.01,6.4,488,2.1,119.5,4,29.8,24.6,9.19,5,47.6,3.89,0.56,328,87.5,62.5,5.57,1.09,5.34,0.944731,22.329902,2.616479,51.756208,0.542073,0.18241,0.01348,21538.83521,0.535439,16.077123,182.063045,61.25864,0.002233,2.153884,0.001608,0.018206,0.006126,,,,,,0.023472649,0.621085446
GTK-21-01,521.5,522.5,half-NQ2,2.3,tan volcanic,0.0025,0.03,73500,1.3,250,3.06,0.29,5800,0.02,244,71.3,5,0.28,1200,104500,23.7,0.31,8.6,0.171,5.42,106.5,8.4,0.73,120,5.07,800,18,31.1,2800,3.6,78.1,0.004,800,0.93,9.8,1,14.9,23.6,0.53,0.025,5.12,5190,0.19,7,130,9.4,31.4,15,384,6.92,3.01,1.92,15.15,1.19,0.35,117,30.6,21.2,1.61,0.43,2.59,13.887551,279.123775,0.811528,14.940673,6.528964,1.210541,0.107837,6415.823253,0.86571,7.307783,154.947273,27.909342,0.027912,0.641582,0.000730778,0.015495,0.002791,,,,,,0.012774231,0.508886337
GTK-21-01,524,525,half-NQ2,3.3,ironstone,0.005,0.01,10900,2.1,50,0.65,0.23,11200,0.03,597,38.6,14,0.05,96.2,317000,13.05,0.69,1.2,0.059,1.12,233,2.1,0.2,94,2.93,200,17.3,28.3,5690,2.3,15.5,0.002,200,0.63,6.7,0.5,13.5,28,0.42,0.025,18,3750,0.03,5.8,448,1.7,60,6,58,14.8,5.01,3.92,35.5,2.29,0.33,273,71.1,51.8,3.61,0.66,3.09,2.059514,55.824755,1.567089,45.322425,1.349159,0.331655,0.026959,13037.8694,0.625513,20.461793,121.375364,33.112779,0.005582,1.303787,0.002046,0.012138,0.003311,,,,,,0.02153454,0.709088379
GTK-21-01,527.8,529,half-NQ2,4.43,ironstone w/ quartz; trace pyrite,0.0025,0.03,3400,2.6,20,0.85,0.94,17600,0.05,850,50.8,14,0.025,1290,365000,18,0.89,0.05,0.157,0.19,315,1.4,0.14,119,11.1,100,15.3,32,9130,3.1,2.7,0.003,1500,0.74,6.7,0.5,16.1,42.9,0.31,0.07,28.6,4910,0.01,6.3,479,1.6,93.1,5,2.1,24.9,7.82,5.68,52.3,3.42,0.46,386,100,72.5,5.61,0.92,4.41,0.642417,22.329902,2.462568,52.185127,0.228875,0.232159,0.01348,20920.16654,0.819005,20.461793,153.656045,50.733507,0.002233,2.092017,0.002046,0.015366,0.005073,,,,,,0.034518602,0.38564129
GTK-21-01,530,531,half-NQ2,4.38,hematite ironstone,0.0025,0.01,900,4.2,10,0.52,0.43,23200,0.04,1010,16.1,6,0.025,121,422000,17.3,1.07,0.2,0.069,0.01,345,0.7,0.06,69,1.99,100,23.5,18.8,12350,3.3,0.3,0.003,100,0.91,6.2,0.5,17.7,35.6,0.59,0.025,37.3,6280,0.01,5,591,2.5,170,3,4.9,34.2,13.95,6.89,65.6,6.01,0.87,443,114.5,83.9,7.61,1.68,8.28,0.170052,11.164951,3.246113,60.334585,0.012046,0.099497,0.01348,,1.047526,8.76934,89.094682,42.100533,0.001116,,0.000876934,0.008909,0.00421,,,,,,0.130403606,0.076677216
GTK-21-01,534,535,half-NQ2,2.64,tan volcanic w/ hem veining,0.0025,0.005,54700,5.2,180,2.44,0.13,13400,0.03,655,40.6,6,0.93,49.2,174500,29.6,0.72,10.1,0.138,4.43,242,8.4,0.75,156,0.81,10200,18,38.5,6710,4.2,82.3,0.002,100,0.75,11.9,1,11,42.2,0.98,0.025,34.1,3810,0.14,9.7,209,1.8,82,13,403,18.6,7.9,4.03,39.7,3.15,1.01,299,77.4,57.9,4.31,1.15,7.1,10.335361,200.969118,1.87491,24.94878,5.336404,1.243707,1.374928,15375.06215,0.635521,8.76934,201.431455,49.905688,0.020097,1.537506,0.000876934,0.020143,0.004991,,,,,,0.218849196,0.55888859
GTK-21-01,536,537,half-NQ2,2.5,tan volcanic,0.0025,0.02,70300,2.3,130,3.49,0.19,5800,0.01,435,45.5,4,1.05,43.8,108500,36.5,0.51,12.5,0.159,2.57,179,16.2,0.98,207,0.99,31800,16.8,39,2740,4.5,70.9,0.002,100,0.58,10.1,1,7.8,38.4,1.07,0.025,25.5,3580,0.12,7.4,97,2,58.5,13,495,12.45,6.53,3.07,25.4,2.22,0.99,208,54.4,38.8,2.68,0.98,6.51,13.282922,145.144363,0.811528,15.512565,3.095837,1.62511,4.28654,6278.341326,0.597156,5.846227,267.284045,45.411811,0.014514,0.627834,0.000584623,0.026728,0.004541,,,,,,0.530889218,0.252282219
GTK-21-01,539,540,half-NQ2,3.8,hematite-dominant ironstone; minor magnetite,0.0025,0.04,15800,10.7,80,0.83,1.23,23000,0.04,1105,13.9,16,0.1,73.5,317000,19.65,1.2,2.4,0.12,2,395,1.8,0.1,87,4,300,17.3,16.7,11450,4.7,26.9,0.003,50,1.21,6,1,15.3,37.1,0.55,0.025,30.6,4490,0.04,4.7,430,1.5,127,7,101,28.3,9.1,6.43,62.7,4.17,0.59,497,130,91.6,6.68,1.12,5.49,2.985351,89.319608,3.218129,45.322425,2.409212,0.165828,0.040439,,0.748947,23.384907,112.336773,43.874432,0.008932,,0.002338,0.011234,0.004387,,,,,,0.022284161,0.873537899
GTK-21-01,542,543.1,half-NQ2,2.88,volcanic w/ ank-qz-mt-hem veining,0.0025,0.01,55300,1.6,120,1.26,0.26,36600,0.02,234,17.2,9,0.47,30.9,102500,21,0.32,10.1,0.157,3.18,105,4,1.82,1460,1.17,23200,16.6,12,1010,4.1,47.6,0.001,100,0.42,10.3,1,7.4,46,0.95,0.025,21.3,2640,0.09,5,94,1.2,36.1,11,411,8.1,4.46,2.28,15.05,1.51,0.83,116.5,29.8,22.4,1.74,0.68,4.91,10.448728,133.979412,5.121023,14.654727,3.830647,3.018062,3.127287,2314.279102,0.440361,13.15401,1885.191818,54.399565,0.013398,0.231428,0.001315,0.188519,0.00544,,,,,,0.492373832,0.396835788
GTK-21-01,545,546,half-NQ2,2.41,volcanic,0.0025,0.01,66000,0.9,30,1.9,0.16,21400,0.02,263,15.3,4,0.41,26.4,65300,26.5,0.47,13.5,0.096,0.73,119,7.1,1.29,722,0.74,48600,26.7,10.8,400,3.9,20.4,0.001,100,0.36,9.8,1,6.3,35.4,1.53,0.025,26.5,2280,0.05,5.4,54,1.1,40.1,9,710,8.83,4.62,2.69,17.3,1.61,0.88,128.5,33.4,24.5,1.93,0.77,5.38,12.470454,33.494853,2.994259,9.336134,0.879362,2.139176,6.551128,916.546179,0.380312,5.846227,932.266091,41.864013,0.003349,0.091655,0.000584623,0.093227,0.004186,,,,,,0.864220261,0.076328683
GTK-21-01,548,549,half-NQ2,2.91,"volcanic w/ ankerite, hematite & magnetite veining",0.0025,0.01,47600,4.1,200,1.46,0.23,26200,0.02,446,26.1,3,0.83,18.5,154000,23.8,0.59,9,0.214,4.92,180,5.9,1.51,820,0.91,3200,18.4,24,4230,3.9,84.6,0.001,100,0.53,10.3,0.5,11,40.3,0.94,0.025,28.6,3680,0.16,7.2,194,1.8,59.9,10,369,13.55,6.06,3.3,29.5,2.46,0.89,220,56.4,42.3,3.14,0.9,6.26,8.993842,223.29902,3.665869,22.017834,5.926661,2.503996,0.43135,9692.475843,0.613837,4.38467,1058.806364,47.658749,0.02233,0.969248,0.000438467,0.105881,0.004766,,,,,,0.078899661,0.713291409
GTK-21-01,551,552,half-NQ2,3.85,ironstone,0.0025,0.01,6700,5,30,0.67,0.3,23500,0.05,462,28.4,7,0.06,78.3,322000,15.05,0.63,1.5,0.161,0.69,186.5,1.7,0.75,810,1.46,200,19,30,5020,2.9,9.9,0.001,100,0.64,7.5,0.5,15.8,27.3,0.48,0.025,15.95,5900,0.02,3.2,448,2.3,45.5,7,62.4,12.65,4.64,3.22,28.7,1.93,0.37,227,58.1,43,2.94,0.54,3.26,1.26594,33.494853,3.288088,46.03729,0.831178,1.243707,0.026959,11502.65455,0.98414,10.230897,1045.894091,32.284959,0.003349,1.150265,0.001023,0.104589,0.003228,,,,,,0.035033805,0.710694789
GTK-21-01,554,555,half-NQ2,2.69,volcanic w/ qz-ank-mt-hem veining,0.0025,0.07,17700,1.7,90,0.84,0.47,7400,0.02,50.1,21.5,23,0.11,390,150000,7.49,0.15,3.3,0.152,2.28,22,1.4,0.35,233,56.4,400,8,12.7,480,2.5,31.2,0.001,200,0.42,8.3,0.5,12.6,11.3,0.33,0.025,5.42,2400,0.07,2.4,152,2.7,13,5,140.5,2.32,1.46,0.54,3.82,0.46,0.25,25,6.68,5.09,0.47,0.23,1.54,3.344349,100.484559,1.035398,21.445943,2.746502,0.580397,0.053919,1099.855415,0.400328,33.615804,300.855955,13.363371,0.010048,0.109986,0.003362,0.030086,0.001336,,,,,,0.026522767,0.888935855
GTK-21-01,558,559,half-NQ2,3.59,volcanic w/ hem-qz-ca veining,0.0025,0.01,25500,1.5,110,1.43,0.36,19000,0.03,58.5,40.4,7,0.53,101.5,266000,15.8,0.22,5.1,0.194,3.12,24.7,3,1.19,903,1.56,500,19.1,38.4,240,2.9,55.7,0.001,100,0.52,14.2,0.5,14.3,22,0.74,0.025,6.1,5640,0.09,3,338,1.7,17.4,8,214,4.38,2.75,0.68,4.94,0.72,0.4,31.3,7.87,6.85,0.7,0.43,2.91,4.81813,122.814461,2.658454,38.030805,3.758371,1.973348,0.067398,549.927707,0.940771,10.230897,1165.978227,26.017183,0.012281,0.054993,0.001023,0.116598,0.002602,,,,,,0.023012401,0.844351456
GTK-21-01,560,561,half-NQ2,2.86,volcanic w/ hem-qz-ank veining,0.0025,0.01,31800,2,160,1.02,0.54,16900,0.03,65.7,34.1,10,0.42,221,249000,15.65,0.24,5.3,0.15,4.01,28.2,3.2,0.99,742,2.18,700,25.3,34.4,820,2.8,63.6,0.001,200,0.81,12.5,0.5,13.6,22.8,0.85,0.025,7.68,6610,0.1,5.1,333,2.4,18.4,8,224,3.81,2.2,0.82,5.64,0.77,0.4,34.9,8.96,7.6,0.72,0.42,2.75,6.008491,178.639216,2.364625,35.600265,4.83047,1.641693,0.094358,1878.919667,1.102571,14.615567,958.090636,26.963263,0.017864,0.187892,0.001462,0.095809,0.002696,,,,,,0.025834677,0.87021406
GTK-21-01,563,564,half-NQ2,3.35,ironstone & volcanic,0.0025,0.07,13100,1.7,70,1.11,0.45,17700,0.04,31.7,30.5,3,0.11,146,350000,13.05,0.23,2.3,0.137,1.63,13.4,2.2,0.85,1340,1.55,300,20.9,26.7,60,2.6,21.2,0.001,200,0.73,11.8,0.5,16.7,15.2,0.7,0.025,23,6660,0.04,2.8,504,4.7,11.3,6,93.7,2.59,1.38,0.44,3.03,0.5,0.25,17.5,4.25,4.05,0.45,0.24,1.77,2.475196,78.154657,2.47656,50.040533,1.963508,1.409534,0.040439,137.481927,1.110911,4.38467,1730.244546,17.975508,0.007815,0.013748,0.000438467,0.173024,0.001798,,,,,,0.026877079,0.85866775
GTK-21-01,566,567,half-NQ2,3.31,ironstone & volcanic,0.0025,0.01,29200,1.9,190,0.98,0.39,11600,0.04,37.7,23.8,4,0.17,126.5,308000,15.5,0.22,4.5,0.144,3.63,16,1.5,0.54,625,25.8,500,25,18.9,150,2.4,49.4,0.001,100,0.67,10.5,0.5,17.5,18.4,0.75,0.025,4.65,7110,0.08,2.7,445,2,17.7,5,201,3.75,2.55,0.54,4.07,0.78,0.42,21.1,5.22,4.99,0.68,0.37,2.69,5.517231,212.134069,1.623056,44.035669,4.37272,0.895469,0.067398,343.704817,1.185972,5.846227,807.017045,21.759826,0.021213,0.03437,0.000584623,0.080702,0.002176,,,,,,0.020096446,0.857891998
GTK-21-01,569,570,half-NQ2,3.59,hematite-volcanic breccia,0.0025,0.01,18800,2.7,110,1.39,0.44,12200,0.02,33.6,39.7,6,0.29,51.2,306000,13.55,0.22,3.3,0.124,2.33,14.2,2,0.72,668,1.98,400,22,28.9,110,2.4,35,0.001,100,0.58,9.6,0.5,15.1,15.4,0.73,0.025,5.87,6080,0.06,2.6,444,1.8,12.3,6,139,2.94,1.68,0.58,3.89,0.52,0.28,20.2,4.68,5.03,0.55,0.26,1.75,3.55219,122.814461,1.707008,43.749723,2.806732,1.193959,0.053919,252.050199,1.014165,8.76934,862.539818,18.212028,0.012281,0.025205,0.000876934,0.086254,0.001821,,,,,,0.024970903,0.85527724
GTK-21-01,572,573,half-NQ2,3.9,volcanic w/ hematite veining,0.0025,0.01,25200,3.2,110,1.7,0.25,10700,0.03,99.6,40.6,4,0.6,56.3,273000,18.2,0.27,4.6,0.136,2.63,43.5,4.3,0.94,453,0.99,2200,26.7,34,920,2.5,49.6,0.001,100,0.79,8.8,0.5,14.3,17.5,0.97,0.025,7.79,5810,0.1,2.6,389,2,18.6,9,199.5,4.13,2.27,1.1,7.19,0.78,0.39,54.3,13.3,10.75,0.83,0.38,2.5,4.761446,122.814461,1.49713,39.031616,3.168114,1.558779,0.296553,2108.056212,0.969128,5.846227,584.925955,20.695487,0.012281,0.210806,0.000584623,0.058493,0.00207,,,,,,0.102459976,0.720218132
GTK-21-01,575,576,half-NQ2,3.81,volcanic w/ hem-qz-ank veining,0.0025,0.005,17100,2.3,90,1.13,0.34,22100,0.03,22,21.3,4,0.17,33.9,284000,13.2,0.18,3.3,0.131,1.98,9,2.3,1.01,971,1.62,900,24,19.7,130,3.5,28.2,0.001,100,0.65,7.9,0.5,14.9,25.2,0.8,0.025,53.4,7710,0.05,4.8,398,1.8,13.8,6,139.5,3.55,1.83,0.55,3.68,0.66,0.33,13.4,3.08,3.89,0.63,0.31,2.15,3.230981,100.484559,3.092202,40.604318,2.38512,1.674859,0.121317,297.877508,1.286055,5.846227,1253.781682,29.801501,0.010048,0.029788,0.000584623,0.125378,0.00298,,,,,,0.061770129,0.799057299
GTK-21-01,579,580,half-NQ2,2.66,volcanic,0.0025,0.01,62200,1.7,30,1.7,0.17,19100,0.03,88.6,22.3,6,0.2,13.6,160000,22.7,0.19,11.4,0.082,0.55,37.1,7,0.91,660,0.77,42700,21.5,11.5,680,3.3,17.2,0.001,100,0.43,13.7,0.5,9.8,37.1,1.21,0.025,13.05,5720,0.03,6.6,152,1.3,33.2,9,580,6.19,3.95,1.49,7.91,1.29,0.74,47.3,11.95,10.15,1.12,0.71,4.77,11.752458,33.494853,2.672446,22.875672,0.662533,1.509031,5.755826,1558.128504,0.954116,8.76934,852.21,43.874432,0.003349,0.155813,0.000876934,0.085221,0.004387,,,,,,0.805693019,0.061021257
GTK-21-01,582,583,half-NQ2,2.84,volcanic,0.0025,0.02,45100,2,210,0.89,0.18,6200,0.02,63.3,22.2,4,0.24,63.5,223000,17.6,0.22,6.3,0.098,3.91,27.1,3.3,0.42,338,1.24,5700,24.3,17.5,750,3.2,60.9,0.001,200,0.53,14.6,0.5,12,22,0.87,0.025,41.6,7720,0.13,7,282,1.2,19.9,5,273,3.72,2.28,0.96,5.25,0.76,0.43,33.1,8.42,7.05,0.69,0.4,2.72,8.521477,234.463971,0.867496,31.882968,4.710009,0.696476,0.768342,1718.524086,1.287723,5.846227,436.434818,26.017183,0.023446,0.171852,0.000584623,0.043643,0.002602,,,,,,0.148330487,0.598286301
GTK-21-01,584,585,half-NQ2,3.05,volcanic w/ hematite veining,0.0025,0.01,55500,3.6,110,1.84,0.29,4900,0.01,107.5,28.1,3,0.3,28.7,173000,21.9,0.24,6.3,0.074,2.24,46.6,4.5,0.33,144,1.88,30100,24.7,16,1690,3.6,39.8,0.001,300,0.64,13.2,0.5,10.4,33,0.84,0.025,50.3,7920,0.07,5.7,245,1.1,22.4,6,286,4.79,2.19,1.59,8.62,0.84,0.3,58.3,14.15,11.5,1.02,0.33,2.1,10.486518,122.814461,0.685601,24.734321,2.698317,0.547231,4.057386,3872.407606,1.321083,4.38467,185.936727,39.025775,0.012281,0.387241,0.000438467,0.018594,0.003903,,,,,,0.636510574,0.278524805
GTK-21-01,587,588,half-NQ2,3.08,volcanic-hematite breccia,0.0025,0.005,42200,2.5,140,1.38,0.18,6500,0.01,49.7,28.1,7,0.35,6.3,250000,18.85,0.22,4.7,0.081,3.22,21.8,3.8,0.39,287,4.68,13900,21.3,21.3,750,2.6,55.8,0.002,300,0.47,13.6,1,12.7,22.9,0.74,0.025,6.06,7500,0.1,3.6,364,0.8,16.3,6,220,3.59,1.86,0.86,4.55,0.68,0.27,25.6,6.61,5.61,0.67,0.28,1.83,7.973532,156.309314,0.909471,35.743238,3.878831,0.646728,1.873676,1718.524086,1.251026,10.230897,370.582227,27.081522,0.015631,0.171852,0.001023,0.037058,0.002708,,,,,,0.386575619,0.526565334
GTK-21-01,590,591,half-NQ2,3.13,volcanic w/ hematite veining,0.0025,0.01,55100,3.1,100,1.99,0.14,16900,0.01,86.5,31.4,3,0.77,6.6,160000,20.9,0.23,6.6,0.078,1.69,38.8,5.3,0.6,522,0.73,34800,27.3,22.9,1730,3.5,48.6,0.001,300,0.66,16.7,0.5,9.3,45.8,0.93,0.025,30,8540,0.08,6.7,223,1,28.1,5,296,5.04,2.81,1.27,7.18,1.01,0.41,43.7,11.15,8.73,0.96,0.43,2.76,10.410939,111.64951,2.364625,22.875672,2.035784,0.994965,4.690931,3964.062224,1.424501,4.38467,674.020636,54.163045,0.011165,0.396406,0.000438467,0.067402,0.005416,,,,,,0.74124155,0.211662513
GTK-21-01,593,594,half-NQ2,3.11,volcanic-hematite breccia,0.0025,0.005,45000,2.3,20,1.87,0.19,21200,0.03,68.6,28.2,4,0.5,13,204000,20.4,0.2,5.2,0.088,0.33,30.4,3.8,0.99,1150,0.79,34500,24.1,20.6,1140,2.9,19.6,0.001,200,0.57,14.7,0.5,10.4,42,0.85,0.025,14.2,8510,0.04,4.5,271,0.9,21.3,6,236,4.14,2.25,1.02,5.54,0.8,0.34,33.9,8.93,6.93,0.75,0.35,2.27,8.502582,22.329902,2.966275,29.166482,0.39752,1.641693,4.650492,2612.15661,1.419497,5.846227,1484.911364,49.669168,0.002233,0.261216,0.000584623,0.148491,0.004967,,,,,,0.899784881,0.050606962
GTK-21-01,596,597,half-NQ2,3.14,volcanic-hematite breccia,0.0025,0.005,47400,2.6,20,2.14,0.15,39000,0.03,74.4,33,6,0.84,19.7,165500,19.15,0.19,5.6,0.101,0.51,34.2,5.7,1.65,1830,0.76,35000,15.1,20,1410,3.3,30.2,0.001,200,0.58,18.6,0.5,8.5,60.4,0.66,0.025,16.4,7620,0.06,4.9,230,0.6,23.5,10,249,4.71,2.49,1.33,6.27,0.9,0.37,36.9,9.58,7.45,0.87,0.37,2.58,8.956053,22.329902,5.456827,23.662023,0.614349,2.736155,4.71789,3230.825281,1.271042,8.76934,2362.945909,71.428994,0.002233,0.323083,0.000876934,0.236295,0.007143,,,,,,0.866606242,0.074250721
GTK-21-01,598.9,599.9,half-NQ2,3.35,hematite-volcanic breccia,0.0025,0.005,30300,4.4,30,1.96,0.22,18200,0.04,263,32.4,6,0.89,16.5,244000,19.85,0.4,3.5,0.117,0.7,116,7.6,0.88,627,1.06,19100,21.2,33.7,2700,3.4,36.7,0.001,200,0.46,15.9,0.5,11.8,38,0.74,0.025,21.8,8980,0.07,4.3,335,1,39.1,12,153.5,9.3,4.09,2.68,16.85,1.57,0.41,117,31.1,19.05,1.99,0.54,3.14,5.725072,33.494853,2.546519,34.8854,0.843224,1.459283,2.57462,6186.686708,1.497895,8.76934,809.5995,44.938771,0.003349,0.618669,0.000876934,0.08096,0.004494,,,,,,0.739814517,0.159427874
GTK-21-01,602,603,half-NQ2,2.9,volcanic-hematite breccia (magnetitic),0.0025,0.005,56200,3.1,20,1.43,0.15,16900,0.02,207,20.2,4,0.26,15.9,186000,24.8,0.31,6.8,0.092,0.27,94.3,3,0.57,748,0.99,43500,22.7,15.1,2350,2.4,11.3,0.001,200,0.7,19.9,1,10,41.6,0.9,0.025,8.01,9230,0.02,4,277,1.9,32.3,9,289,7.1,3.49,2.31,12.9,1.27,0.45,93.7,24.6,15.2,1.53,0.49,3.16,10.61878,22.329902,2.364625,26.592969,0.325244,0.945217,5.863664,5384.708802,1.539596,5.846227,965.838,49.196128,0.002233,0.538471,0.000584623,0.096584,0.00492,,,,,,0.908416579,0.033154027
GTK-21-01,605,606,half-NQ2,2.08,broken volcanic; magnetite veining; quartz vein,0.0025,0.01,45900,2.9,170,1.36,0.1,9400,0.04,97.6,34.5,3,0.24,26.2,211000,23.2,0.22,5.2,0.181,4.63,44.5,12.9,1.7,626,1.12,600,20.5,22.7,1370,3.2,71.6,0.001,200,0.58,18.6,1,13.9,18.3,0.71,0.025,7.54,7970,0.13,4.2,314,5,22.8,17,231,4.87,2.7,1.34,7.63,0.9,0.36,45.6,11.95,8.43,0.99,0.37,2.57,8.672634,189.804167,1.315235,30.167293,5.577325,2.819069,0.080878,3139.170663,1.329423,4.38467,808.308273,21.641566,0.01898,0.313917,0.000438467,0.080831,0.002164,,,,,,0.015341601,0.696108839
GTK-21-01,609,610,half-NQ2,1.88,brick-red volcanic,0.0025,0.01,65900,1.7,210,1.09,0.17,1700,0.03,202,17,10,0.31,22,42600,25.2,0.27,8.5,0.059,6.26,105.5,6.4,0.66,241,1.29,900,15.7,6.9,640,2.4,72.6,0.001,50,0.32,6.8,0.5,7.5,22.4,1.1,0.025,21.1,1380,0.19,4.3,13,2.8,23.4,12,275,5.17,2.93,2.5,11.35,0.9,0.5,85.2,22.9,14.05,1.21,0.38,2.88,12.451559,234.463971,0.237862,6.090648,7.540833,1.094462,0.121317,1466.473886,0.230189,14.615567,311.185773,26.490223,0.023446,0.146647,0.001462,0.031119,0.002649,,,,,,0.016028364,0.655537834
GTK-21-01,611,612,half-NQ2,2.52,brick-red volcanic,0.0025,0.25,70390.38,1.6,231,,0.18,1000.58,0.25,225,23,10,0.45,33,39587.91,25.2,2.5,15.3,0.029,8.425992,118.5,10,0.892493,154.9,1,1038.6,43.9,12,480.349345,1,135.5,0.0005,50,0.08,6,0.2,12,23.6,2.8,0.005,20.3,3177.39,0.01,4.07,18,5,76.6,10,581,13.9,7.91,3.08,15.45,2.7,1.07,92.5,25.1,17.45,2.27,1.1,7.14,,,,,,,,,,,,,,,,,,67.2,0.95,99.71,0.03,0.0025,0.017316779,0.826069478
GTK-21-01,614,615,half-NQ2,2.03,brick-red volcanic,0.0025,0.02,72200,2,230,1.33,0.42,800,0.02,154.5,57,7,0.75,30.8,37300,27.7,0.23,9.3,0.066,7.38,78.5,8.5,0.87,156,3.1,1000,19.6,17,410,4.3,95.9,0.001,1400,0.3,5.8,1,11.4,22.8,1.36,0.025,22.7,1790,0.21,4.1,11,2.3,21.4,11,299,4.51,2.37,1.95,8.79,0.85,0.46,70.3,18.45,11.3,0.99,0.37,2.62,13.64192,256.793873,0.111935,5.332891,8.889992,1.4427,0.134797,939.459834,0.298578,10.230897,201.431455,26.963263,0.025679,0.093946,0.001023,0.020143,0.002696,,,,,,0.016255297,0.705387903
GTK-21-01,617,618,half-NQ2,2.35,volcanic-hematite breccia; vuggy and light-brown ?weathered carbonate,0.0025,0.03,61400,2.1,250,0.75,0.72,5400,0.02,75,36.7,9,0.21,17.3,170500,19.35,0.23,7.4,0.072,6.87,32,4.1,0.44,1680,7.04,1100,21.4,16,1820,3.2,73.2,0.001,200,0.7,15.4,2,8.7,24.7,0.74,0.025,5.89,6530,0.17,6.1,258,2.7,32,8,321,5.93,3.54,1.09,7.16,1.14,0.47,35.6,9.28,7.27,1.04,0.5,3.39,11.601301,279.123775,0.755561,24.376888,8.275643,0.729641,0.148277,4170.285115,1.089226,13.15401,2169.261818,29.210201,0.027912,0.417029,0.001315,0.216926,0.002921,,,,,,0.021025989,0.772142058
GTK-21-01,620,621,half-NQ2,3,volcanic-hematite breccia,0.0025,0.01,47800,4.9,180,0.95,0.43,26300,0.03,374,37.5,5,0.18,32.3,181500,20.7,0.54,5.8,0.082,5.56,163.5,4.4,0.69,1080,1.96,2800,21.4,20.4,5540,3.5,75.8,0.002,300,0.51,17.5,0.5,8.9,50.7,0.72,0.025,15.2,6410,0.14,5.1,255,2,49.4,10,249,11.9,5.49,3.41,24.9,1.92,0.52,169,43.7,28.8,2.71,0.66,3.92,9.031631,200.969118,3.679861,25.949591,6.697609,1.14421,0.377431,12694.16458,1.06921,7.307783,1394.525455,59.957781,0.020097,1.269416,0.000730778,0.139453,0.005996,,,,,,0.068748345,0.802704575
GTK-21-01,623,624,half-NQ2,3.4,hematite-volcanic breccia,0.0025,0.01,30100,4,130,1.08,0.49,13100,0.03,133.5,74,2,0.13,9.8,287000,20.4,0.36,4.1,0.086,3.58,59.5,4.9,0.64,659,3.99,400,15.2,47.4,1270,2.6,46.8,0.001,300,0.34,15.1,0.5,9.1,24.7,0.57,0.025,8.23,5710,0.07,3.5,356,1.9,22.8,12,173.5,7.6,2.43,1.44,9.2,0.88,0.33,63.5,16.75,11.1,1.1,0.43,2.32,5.687283,145.144363,1.832934,41.033237,4.312489,1.061297,0.053919,2910.034118,0.952448,2.923113,850.918773,29.210201,0.014514,0.291003,0.000292311,0.085092,0.002921,,,,,,0.015596445,0.820777371
GTK-21-01,626,627,half-NQ2,2.5,volcanic-hematite breccia,0.0025,0.01,52800,4,190,1.32,0.39,8100,0.02,220,69.9,4,0.2,18.2,235000,24.9,0.71,6.4,0.073,5.99,95.3,8.9,0.99,324,2.11,800,8.4,35.2,2310,2.4,71.1,0.001,600,0.44,18.6,1,4.8,20.7,0.33,0.025,5.65,3290,0.16,4.9,311,1.6,32.9,13,282,7.14,3.39,2.16,13.6,1.25,0.4,103.5,27,17.3,1.56,0.47,2.99,9.976363,212.134069,1.133341,33.598643,7.21559,1.641693,0.107837,5293.054184,0.548783,5.846227,418.357636,24.479804,0.021213,0.529305,0.000584623,0.041836,0.002448,,,,,,0.01778231,0.782891798
GTK-21-01,629,630,half-NQ2,3.29,volcanic-hematite breccia; trace pyrite?,0.0025,0.01,41300,3.7,160,0.68,0.26,4200,0.03,94.4,47.2,2,0.12,19.6,284000,19.3,0.26,5.9,0.061,5.3,41.8,3.1,0.48,354,2.62,500,14.7,33.7,960,2.7,71.6,0.001,400,0.48,12.9,0.5,7.8,12,0.59,0.025,30.7,6010,0.1,5.8,362,2.1,22.8,8,270,4.18,2.26,1.15,6.95,0.8,0.35,45.6,11.85,7.91,0.86,0.35,2.37,7.803481,178.639216,0.587658,40.604318,6.384411,0.795972,0.067398,2199.71083,1.002489,2.923113,457.094455,14.191191,0.017864,0.219971,0.000292311,0.045709,0.001419,,,,,,0.014208625,0.885593991
GTK-21-01,633,634,half-NQ2,2.42,porphyry volcanic (altered),0.0025,0.005,72500,0.9,170,1.12,0.1,3000,0.01,229,13.9,5,0.53,4.7,52500,31.9,0.33,11.7,0.09,6.36,116.5,6.6,0.74,179,13.4,4300,22.5,8.9,700,2.7,93.8,0.001,200,0.15,10.3,0.5,6,13.5,1.35,0.025,20.1,1960,0.2,4.4,8,1.5,28.1,7,401,6.92,3.17,2.87,12.4,1.15,0.59,92.4,25,14.6,1.46,0.49,3.71,13.698604,189.804167,0.419756,7.50608,7.661294,1.227124,0.579627,1603.955813,0.326935,7.307783,231.129682,15.96509,0.01898,0.160396,0.000730778,0.023113,0.001597,,,,,,0.069608546,0.605379837
GTK-21-01,637,638,half-NQ2,2.36,porphyry volcanic,0.0025,0.25,68802.63,0.9,130.5,,0.08,4859.97,0.25,248,16,10,0.67,102,45533.09,27.7,2.5,15.1,0.022,5.711411,129.5,10,0.868372,232.35,16,8457.17,50,6,305.6768559,2,121.5,0.003,200,0.025,6,0.3,6,10.9,3.3,0.005,24.1,2457.98,0.06,5.4,12,2,67.5,7,563,12.25,7.13,2.68,14.2,2.45,1.03,94.3,27.3,16.7,2,1.06,6.98,,,,,,,,,,,,,,,,,,68.5,1.28,99.96,0.15,0.0025,0.144262061,0.57285831
GTK-21-01,641,642,half-NQ2,2.47,porphyry volcanic,0.0025,0.005,66900,1.5,140,1.77,0.15,4400,0.01,149,16.5,6,0.4,21.4,40800,25.1,0.22,8.7,0.094,6.07,77.8,9.3,0.51,222,1.8,11400,19.5,5.1,340,3,86.2,0.001,500,0.13,4.5,0.5,4.2,14.1,1.37,0.025,23.8,1190,0.14,4.6,8,1.3,26.4,6,276,5.52,2.89,1.64,8.27,1,0.46,59.3,16.85,9.23,1.11,0.43,3.03,12.640505,156.309314,0.615642,5.833296,7.311958,0.845721,1.536684,779.064252,0.198496,8.76934,286.652455,16.674649,0.015631,0.077906,0.000876934,0.028665,0.001667,,,,,,0.19999118,0.626139953
GTK-21-01,645,646,half-NQ2,2.43,porphyry volcanic,0.0025,0.25,73301.26,0.4,145.5,,0.04,6718.19,0.25,225,16,5,0.57,12,52597.36,33.3,2.5,20.9,0.025,5.429161,111.5,10,0.964858,387.25,27,14095.28,66.2,5,611.3537118,2,115,0.001,200,0.025,9,0.1,7,15.9,4,0.005,20,3716.95,0.05,9.11,15,4,85.7,6,867,14.5,8.68,2.72,15,3.05,1.29,93.4,25.3,17.45,2.34,1.32,8.83,,,,,,,,,,,,,,,,,,64.1,1.62,98.9,0.23,0.0025,0.225680678,0.511128531
GTK-21-01,649,650,half-NQ2,2.41,porphyry volcanic,0.0025,0.01,70800,1.6,160,2.07,0.21,2600,0.02,179.5,30.8,7,0.44,9,51400,28.8,0.28,11.2,0.075,5.89,92.2,8,0.6,146,4.91,15900,18.4,7.8,690,3.2,97.2,0.001,1300,0.11,9.9,0.5,4.6,19.6,1.22,0.025,18.6,1720,0.14,5,8,1.6,37.4,8,397,7.56,4.13,2.49,11.7,1.36,0.66,77.2,20.9,12.8,1.46,0.63,4.19,13.377396,178.639216,0.363788,7.34881,7.095129,0.994965,2.14327,1581.042159,0.286902,10.230897,188.519182,23.178945,0.017864,0.158104,0.001023,0.018852,0.002318,,,,,,0.26357,0.574104406
GTK-21-01,653,654,half-NQ2,2.37,porphyry volcanic; trace pyrite w/ disseminated calcite,0.0025,0.02,71300,1.7,120,1.76,0.23,19000,0.01,178,23.5,7,0.53,154.5,40200,27.9,0.28,11.1,0.134,3.42,78.3,6.5,0.98,1100,5.46,35600,21.5,8.2,920,4.5,62.4,0.008,1200,0.15,9,0.5,3.3,44.7,1.27,0.025,20.3,2840,0.11,10.3,35,0.9,48.7,8,450,8.9,4.82,1.93,13.05,1.68,0.62,86,21.8,15.35,1.75,0.67,4.43,13.471869,133.979412,2.658454,5.747513,4.119752,1.62511,4.798768,2108.056212,0.473722,10.230897,1420.35,52.862186,0.013398,0.210806,0.001023,0.142035,0.005286,,,,,,0.585993203,0.331013281
GTK-21-01,657.3,658.3,half-NQ2,2.89,"magnetite-calcite-volcanic breccia, minor pyrite",0.0025,0.03,26500,3.6,120,8.29,0.85,34700,0.02,635,86.1,24,1,41.7,371000,30.3,1.82,4.1,0.142,2.64,227,12,1.16,2000,2.28,4500,12.4,34.2,4640,3.9,67.1,0.004,7400,0.2,22.5,1,6.4,47.9,0.5,0.025,15.65,3850,0.12,4.4,508,0.9,81.2,13,169.5,20,7.13,4.24,49.4,3.02,0.49,302,75.9,60,5.17,0.8,4.28,5.007076,133.979412,4.855177,53.042965,3.18016,1.9236,0.606586,10631.93568,0.642193,35.07736,2582.454546,56.646503,0.013398,1.063194,0.003508,0.258245,0.005665,,,,,,0.199296077,0.687490808
GTK-21-01,661,662,half-NQ2,3.06,volcanic-magnetite-calcite breccia,0.0025,0.01,39500,2,180,3.99,0.44,17500,0.02,160.5,53.1,6,0.7,10.4,332000,24.9,1.33,5.2,0.089,3.19,57.4,7.5,0.51,805,2.65,14800,13.8,26.8,1610,2.5,54,0.003,2000,0.21,19.5,0.5,6.1,35.9,0.5,0.025,3.86,4540,0.1,4.6,414,0.6,45.6,12,225,11,5.08,1.79,17.5,1.92,0.52,95.5,22.3,19.9,2.21,0.67,3.95,7.463377,200.969118,2.448576,47.46702,3.842693,0.845721,1.994994,3689.098371,0.757288,8.76934,1039.437955,42.455313,0.020097,0.36891,0.000876934,0.103944,0.004246,,,,,,0.439740767,0.55731718
GTK-21-01,665,666,half-NQ2,3.27,magnetite-calcite-volcanic breccia; 4% pyrite,0.0025,0.03,34400,3.6,110,6.8,0.78,24500,0.02,423,94.5,3,0.5,9.5,352000,26.2,1.72,4.8,0.075,2.69,137.5,5.5,0.34,890,3.17,12800,14.5,41.3,3220,3.7,49.3,0.003,10100,0.19,17,1,5.6,48.9,0.52,0.025,8.39,4080,0.08,5.5,408,0.4,94.3,9,203,24.8,9.02,3.38,44.8,3.76,0.56,259,61.2,55.8,5.54,1.05,5.29,6.499752,122.814461,3.428007,50.326479,3.24039,0.563814,1.7254,7378.196741,0.680558,4.38467,1149.192273,57.829103,0.012281,0.73782,0.000438467,0.114919,0.005783,,,,,,0.436700448,0.539638195
GTK-21-01,669,670,half-NQ2,2.98,volcanic-magnetite-calcite breccia; very minor pyrite,0.0025,0.01,47600,2.7,130,5,0.38,23900,0.01,394,41.6,2,0.54,9.3,290000,24.8,1.19,5.1,0.084,4.22,138,7.1,0.39,905,3.63,16000,10.2,17.7,3080,3.5,64.6,0.002,3500,0.14,13.5,0.5,4.2,50.7,0.39,0.025,11.45,2760,0.12,6.5,346,0.3,73.9,9,227,19.35,7.19,2.85,42.6,3.04,0.46,236,54.8,50.3,4.54,0.85,4.32,8.993842,145.144363,3.344056,41.462156,5.083437,0.646728,2.15675,7057.405579,0.460378,2.923113,1168.560682,59.957781,0.014514,0.705741,0.000292311,0.116856,0.005996,,,,,,0.394498304,0.611806859
GTK-21-01,673,674,half-NQ2,3.24,volcanic-magnetite-calcite breccia; minor pyrite,0.0025,0.005,26100,1.4,70,3.07,0.22,13800,0.02,80.3,46,3,0.36,6.3,444000,21.3,1.23,3.3,0.079,2.11,31.4,4.5,0.26,774,1.59,9100,16,24.2,720,1.4,37.1,0.001,1800,0.18,12.4,0.5,5.8,27.7,0.61,0.025,2.18,4110,0.06,2.8,535,0.4,33.4,8,142.5,7.13,4.41,1.05,8.99,1.28,0.4,45.8,11.05,9.4,1.28,0.48,2.91,4.931498,78.154657,1.930877,63.47999,2.541719,0.431152,1.226651,1649.783122,0.685562,4.38467,999.409909,32.757999,0.007815,0.164978,0.000438467,0.099941,0.003276,,,,,,0.409197522,0.557892844
GTK-21-01,677,678,half-NQ2,3.2,volcanic-magnetite-calcite breccia,0.0025,0.01,36300,3,120,4.66,0.42,23400,0.02,91.4,55.4,3,0.84,12.5,349000,20.9,0.95,4.7,0.111,3.32,32.2,9.3,0.66,1300,1.91,10400,14.9,19.5,660,2.2,64.2,0.001,3800,0.14,14.4,0.5,5.6,44.4,0.48,0.025,2.17,3680,0.12,2.9,398,0.5,45.4,8,203,10.25,5.23,1.19,11.75,1.88,0.58,57,13.5,12.2,1.78,0.71,4.48,6.858749,133.979412,3.274096,49.89756,3.999292,1.094462,1.401887,1512.301195,0.613837,4.38467,1678.595455,52.507406,0.013398,0.15123,0.000438467,0.16786,0.005251,,,,,,0.336247315,0.631161213
GTK-21-01,681,682,half-NQ2,3.04,volcanic-magnetite-calcite breccia,0.0025,0.01,46200,3.2,120,4.5,0.5,21300,0.01,83.2,58.5,4,0.92,6.4,256000,21.2,0.51,5.9,0.097,3.64,29,12,0.63,961,10.85,22400,12.1,16.5,1550,2.5,56.3,0.001,3600,0.1,18.8,0.5,4,55.6,0.39,0.025,3.35,3010,0.13,4.2,314,0.4,44.1,7,268,9.21,4.96,1.31,10.85,1.78,0.48,48.8,11.65,10.75,1.64,0.67,4.03,8.729317,133.979412,2.980267,36.601075,4.384766,1.044714,3.01945,3551.616444,0.502078,5.846227,1240.869409,65.752517,0.013398,0.355162,0.000584623,0.124087,0.006575,,,,,,0.569033917,0.543711165
GTK-21-01,685,686,half-NQ2,3.06,volcanic-magnetite-calcite breccia,0.0025,0.01,36400,3,100,2.51,0.23,16900,0.01,121.5,47.7,5,0.35,51.6,348000,21,1.32,5.6,0.091,2.15,42.9,3.3,0.64,1220,3.16,17400,13.7,21.1,940,2,35.4,0.001,1600,0.15,12.4,0.5,6.2,38,0.54,0.025,4.96,3140,0.07,2.5,402,0.4,32.9,8,243,8.04,3.51,1.54,13.7,1.4,0.36,78.6,17.9,16.6,1.65,0.46,2.83,6.877644,111.64951,2.364625,49.754587,2.589903,1.061297,2.345466,2153.883521,0.523763,7.307783,1575.297273,44.938771,0.011165,0.215388,0.000730778,0.15753,0.004494,,,,,,0.561022107,0.407611022
GTK-21-01,689,690,half-NQ2,2.24,volcanic-magnetite-calcite breccia; minor amygdamoidal texture; trace pyrite,0.0025,0.01,64300,3.6,150,4.48,0.35,21800,0.02,123.5,45,3,0.19,8.2,185000,23.5,0.32,9.5,0.084,3.73,44.1,2.4,0.67,1460,2.23,30500,17.1,14.9,1910,2.6,50.9,0.001,2500,0.16,17.3,0.5,5.5,52.5,0.59,0.025,4.63,2840,0.08,4.3,215,0.6,35.4,9,418,8.09,4.27,1.79,13.7,1.41,0.49,77.4,18.05,16.5,1.71,0.56,3.6,12.149245,167.474265,3.050227,26.449996,4.49318,1.111045,4.111304,4376.508005,0.473722,4.38467,1885.191818,62.08646,0.016747,0.437651,0.000438467,0.188519,0.006209,,,,,,0.556699686,0.40031946
GTK-21-01,693,694,half-NQ2,3.19,amygd volcanic infilled & veined by calcite-magnetite; trace pyrite,0.0025,0.01,47800,1.8,110,2.14,0.24,20400,0.02,31.2,37.1,5,0.16,49,278000,20.8,0.99,7.2,0.09,2.61,11.3,2.9,0.72,1560,1.97,23300,6.7,18,270,2.1,30,0.001,1200,0.16,10.8,0.5,5.9,37.3,0.36,0.025,1.84,2050,0.06,3.6,343,0.4,17.8,9,311,3.56,2.05,0.55,4.54,0.71,0.31,19.6,4.57,4.76,0.65,0.35,2.1,9.031631,122.814461,2.85434,39.74648,3.144021,1.193959,3.140767,618.668671,0.341947,7.307783,2014.314546,44.110951,0.012281,0.061867,0.000730778,0.201431,0.004411,,,,,,0.572084439,0.376809162
GTK-21-01,697,698,half-NQ2,2.81,magnetite-calcite veined volcanic; minor pyrite,0.0025,0.02,46200,2.5,140,2.03,0.51,15700,0.02,73.4,75.4,10,0.39,38.1,271000,22.1,0.96,6.5,0.15,2.9,25.9,6.5,0.99,1180,3.81,17900,6.2,37.7,940,2.6,40.2,0.001,3500,0.18,12.1,0.5,10,38.2,0.32,0.025,2.79,2310,0.08,2.8,362,0.9,20.7,11,299,4.37,2.08,0.89,7.69,0.75,0.27,46.8,10.9,9.95,0.91,0.3,2.52,8.729317,156.309314,2.196723,38.74567,3.493357,1.641693,2.412864,2153.883521,0.385316,14.615567,1523.648182,45.175291,0.015631,0.215388,0.001462,0.152365,0.004518,,,,,,0.454719068,0.433176478
GTK-21-01,701,702,half-NQ2,2.57,magnetite-calcite veined volcanic,0.0025,0.01,55500,1.4,130,3.63,0.27,17400,0.02,88.9,31.9,5,0.54,31.4,188500,26.9,0.61,11.4,0.139,2.7,31,8.8,0.9,897,2.03,27300,8,17.7,480,2.8,37.6,0.001,1600,0.16,10.6,0.5,8,44.5,0.53,0.025,6.56,2120,0.11,3.4,216,0.5,26.1,9,478,6.16,3.31,1.23,9.16,1.15,0.56,52.7,12.4,11.35,1.2,0.51,3.68,10.486518,145.144363,2.434585,26.950401,3.252436,1.492448,3.679954,1099.855415,0.353623,7.307783,1158.230864,52.625666,0.014514,0.109986,0.000730778,0.115823,0.005263,,,,,,0.577300288,0.335721863
GTK-21-01,704.95,706,half-NQ2,2.7,magnetite-calcite-pyrite veined volcanic; trace pyrite,0.0025,0.02,61200,3.5,120,4.89,0.65,30900,0.03,186,70.2,4,0.45,72,131000,22.8,0.38,10.8,0.161,3.36,71.5,5.1,1.11,1920,2.75,26700,5.4,38.6,1030,3.8,53,0.002,7500,0.24,11.9,1,7.5,51.8,0.33,0.025,7.01,1470,0.11,4,158,0.5,37.3,7,438,10.25,5.25,1.96,18.1,1.52,0.6,111.5,26.3,24.1,2.02,0.69,5.19,11.563511,133.979412,4.323486,18.729457,4.047476,1.840686,3.599076,2360.106411,0.245201,5.846227,2479.156364,61.25864,0.013398,0.236011,0.000584623,0.247916,0.006126,,,,,,0.512025923,0.378875653
GTK-21-01,709,710,half-NQ2,2.41,magnetite-calcite veined volcanic; minor pyrite w/ magnetite-calcite,0.0025,0.01,62300,1.5,190,8.81,0.3,26200,0.03,214,18.4,6,0.2,44.7,111000,27,0.37,11.6,0.168,3.47,90.6,3.4,0.93,2070,1.9,29700,9.4,21.3,450,2.7,53.5,0.002,2500,0.17,8.6,1,7.1,53.6,0.72,0.025,15.7,1140,0.1,5.4,107,0.8,61.8,7,467,14.7,7.31,2.49,21.2,2.58,1.21,112,27.7,23.1,2.91,1.02,7.21,11.771352,212.134069,3.665869,15.869998,4.179983,1.542196,4.003467,1031.114451,0.190156,8.76934,2672.840455,63.387319,0.021213,0.103111,0.000876934,0.267284,0.006339,,,,,,0.559500544,0.384370697
GTK-21-01,713,714,half-NQ2,2.65,magnetite-calcite veined volcanic; trace pyrite,0.0025,0.01,55100,2.4,130,7.95,0.21,22400,0.02,169,28.7,3,0.18,34.7,174500,26.8,0.4,9.3,0.166,3.06,66,4.3,0.74,1700,2.72,25500,5.3,17.7,610,2.1,49.5,0.001,2100,0.18,13.9,0.5,6.5,44.5,0.35,0.025,8.15,1170,0.09,3.1,208,0.5,52.4,7,374,13.35,6.61,2.09,19.25,2.37,0.78,98.5,23.3,21.8,2.67,0.89,5.72,10.410939,145.144363,3.134178,24.94878,3.686094,1.227124,3.43732,1397.732923,0.19516,4.38467,2195.086364,52.625666,0.014514,0.139773,0.000438467,0.219509,0.005263,,,,,,0.543151136,0.383246918
GTK-21-01,717,718,half-NQ2,2.45,magnetite-calcite veined volcanic; minor pyrite w/ magnetite-calcite vein,0.0025,0.01,53200,2.8,110,8.28,0.33,26900,0.02,174,55.2,3,0.23,93.5,195500,27,0.39,9.3,0.2,2.8,73.3,4.3,0.78,1890,3.29,23700,6,29.7,690,3.4,48.5,0.001,5300,0.2,11.5,1,6.6,44.1,0.43,0.025,9.57,1480,0.08,3.1,237,0.7,50.3,7,385,11.8,5.79,2.04,17.05,2.09,0.79,95.3,23,19.5,2.35,0.84,5.64,10.051941,122.814461,3.763812,27.951212,3.372897,1.293455,3.194686,1581.042159,0.246869,4.38467,2440.419546,52.152626,0.012281,0.158104,0.000438467,0.244042,0.005215,,,,,,0.522840022,0.363207863
GTK-21-01,721,722,half-NQ2,2.63,magnetite-calcite veined volcanic; trace ?chalcopyrite in feldspar selvedge,0.0025,0.01,45300,1.4,80,4.6,0.14,27300,0.03,52.7,31.4,7,0.22,289,231000,25.7,0.96,7.9,0.208,2.18,19.8,5,1,2210,2.74,22500,4.6,23.3,160,2.1,28.8,0.001,700,0.2,12.2,0.5,8.3,39,0.29,0.025,2.81,1870,0.05,2.8,349,0.6,21,10,333,5.02,2.62,0.88,6.57,0.86,0.45,32,7.54,7.56,0.91,0.41,2.99,8.559266,89.319608,3.819779,33.026752,2.626041,1.658276,3.03293,366.618472,0.311922,10.230897,2853.612273,46.12137,0.008932,0.036662,0.001023,0.285361,0.004612,,,,,,0.582930027,0.332098669
GTK-21-01,725,726,half-NQ2,2.57,magnetite-calcite veined volcanic,0.0025,0.005,56100,1.4,100,2.13,0.04,17500,0.02,82.4,45.4,4,0.46,14,182000,23,0.38,8.8,0.159,2.81,31.4,8.4,1.39,1600,2.61,21500,2.5,18.8,420,2,50.8,0.001,400,0.13,11,0.5,8.5,29.7,0.15,0.025,2.92,2280,0.09,2.8,265,0.4,16.4,9,400,3.52,1.9,1.15,7.48,0.61,0.36,49.4,11.75,10.35,0.82,0.29,2.18,10.599885,111.64951,2.448576,26.021077,3.384943,2.305003,2.898133,962.373488,0.380312,5.846227,2065.963636,35.123197,0.011165,0.096237,0.000584623,0.206596,0.003512,,,,,,0.449787839,0.345662528
GTK-21-01,729,730,half-NQ2,2.33,volcanic w/ mnr magnetite-calcite veining,0.0025,0.005,71000,1.4,130,4.22,0.08,7800,0.02,94.7,25.5,3,0.32,26.3,127000,27.2,0.24,11.8,0.1,3.46,40.1,5.5,0.66,594,2.09,34200,23.6,12.3,1090,2.9,52.7,0.001,100,0.57,19.6,0.5,5.2,36.7,0.95,0.025,7.71,3420,0.08,4.5,137,0.9,27.7,7,600,6.03,3.22,1.4,7.59,1.01,0.55,50.1,12.4,10.05,1.07,0.48,3.5,13.415185,145.144363,1.091365,18.157565,4.167937,1.094462,4.610053,2497.588338,0.570468,4.38467,766.989,43.401392,0.014514,0.249759,0.000438467,0.076699,0.00434,,,,,,0.565327182,0.336299788
GTK-21-01,733,734,half-NQ2,2.27,volcanic w/ mnr magnetite-calcite veining; pinkish alt,0.0025,0.005,48800,1.1,150,4.09,0.42,51200,0.03,128,33.7,8,0.31,155,106500,12.35,0.28,5.1,0.414,3.45,47.8,8.7,2.04,3700,8.76,7500,5.6,19.7,1330,1.7,73.3,0.001,200,0.21,8.4,0.5,9.8,50.7,0.27,0.025,4.2,1950,0.1,3.5,129,1.7,28.4,9,208,7.06,3.12,1.78,11.85,1.18,0.6,80.8,18.85,17.25,1.39,0.47,4.91,9.220578,167.474265,7.163835,15.226619,4.15589,3.382883,1.010977,3047.516045,0.325267,11.692453,4777.540909,59.957781,0.016747,0.304752,0.001169,0.477754,0.005996,,,,,,0.18037384,0.487874497
GTK-21-01,737,738,half-NQ2,2.39,volcanic w/ mnr magnetite-calcite veining,0.0025,0.005,54800,0.6,220,5.84,0.03,33500,0.05,92.1,27.8,14,0.45,11.4,105500,12,0.21,3,0.36,4.1,32.7,8.4,1.52,2660,2.29,7900,9.3,12,600,1.9,83.9,0.001,100,0.61,6.7,1,10.1,33.7,0.47,0.025,14.1,2950,0.11,2.8,179,1.9,17.1,13,128,4.22,3.67,1.53,7.78,0.72,0.4,58.9,13.5,12.6,1.18,0.33,2.37,10.354255,245.628922,4.687275,15.083646,4.938884,2.520579,1.064895,1374.819269,0.49207,20.461793,3434.664546,39.853594,0.024563,0.137482,0.002046,0.343466,0.003985,,,,,,0.16919154,0.516311908
GTK-21-01,741,742,half-NQ2,2.63,schist,0.0025,0.01,40300,0.3,290,19.65,0.23,71600,0.02,88.2,23.1,19,0.61,104,74500,4.89,0.21,2.6,0.51,2.26,25.6,12.1,2.57,3810,4.7,7800,3.1,11.3,290,1.3,57.3,0.003,100,0.13,7.9,0.5,6.5,50.6,0.14,0.025,1.21,1000,0.09,1.9,62,1.4,32.3,25,90.6,8.15,4.12,1.69,12.45,1.4,0.74,69.1,14.65,17.2,1.73,0.64,4.69,7.614535,323.783579,10.018175,10.651485,2.722409,4.261769,1.051416,664.49598,0.166803,27.769577,4919.575909,59.839521,0.032378,0.06645,0.002777,0.491958,0.005984,,,,,,0.227154668,0.387001133
GTK-21-01,745,746,half-NQ2,2.58,schist,0.0025,0.01,17900,0.6,50,13.8,0.05,93700,0.02,141.5,40.8,13,0.61,658,108500,4.49,0.32,2.8,0.379,1.5,43.4,9.4,3.7,5250,1.95,400,1.5,19.8,110,1,41.9,0.004,700,0.08,12.8,0.5,5.6,47.5,0.07,0.025,1.05,570,0.06,1.3,66,0.1,114.5,21,108,26.9,13,2.93,26.6,4.41,1.8,107,23,28.9,4.2,1.94,12.5,3.382138,55.824755,13.110378,15.512565,1.806909,6.13562,0.053919,252.050199,0.095078,19.000237,6778.943182,56.173464,0.005582,0.025205,0.0019,0.677894,0.005617,,,,,,0.026226424,0.578291849
GTK-21-01,749,750,half-NQ2,2.58,schist,0.017,0.31,67600,0.4,540,4.69,26.6,41100,0.01,66,36.7,8,1.14,2510,64600,21,0.16,3.1,1.01,4.33,21.3,18.8,2.77,1450,6.39,2700,2.5,24.9,190,1.5,74.2,0.003,1200,0.22,6.6,1,6,35.7,0.11,0.025,0.43,1580,0.13,1.1,99,1.6,20.5,17,109.5,4.81,3.28,1.05,7.03,0.81,0.45,42.4,10.1,9.68,0.94,0.37,3.35,12.772768,602.907353,5.750657,9.236053,5.215944,4.593424,0.363952,435.359435,0.263549,11.692453,1872.279546,42.218793,0.060291,0.043536,0.001169,0.187228,0.004222,,,,,,0.046875852,0.442028268
GTK-21-01,753,754,half-NQ2,2.78,chloritic schist overgrown by dissem mt; trace py w/ mt,0.0025,0.005,58500,0.9,110,1.52,0.23,8100,0.04,195,98.2,36,2.53,6.5,259000,71,1.78,5.6,0.3,2.82,80.8,67.1,6.82,852,2.34,300,10,116,250,2.7,59.9,0.003,1500,0.49,8.7,0.5,13.9,7.9,0.5,0.025,4.14,5410,0.16,5.1,500,2.8,18.5,29,226,5.49,2.02,1.93,12.15,0.8,0.29,92.6,23.7,16.95,1.36,0.29,2,11.053357,122.814461,1.133341,37.029994,3.396989,11.309441,0.040439,572.841362,0.902407,52.61604,1100.125636,9.342534,0.012281,0.057284,0.005262,0.110013,0.000934253,,,,,,0.006018628,0.332661151
GTK-21-01,757,758,half-NQ2,2.69,fine-grained ?metavolcanic w/ strong magnetite matrix infill; tr py w/ mt,0.0025,0.01,52800,0.5,170,1.21,0.25,15500,0.04,10.55,40,17,0.33,7.5,182000,14.2,0.24,2.1,0.323,1.71,3.8,7.9,1.03,752,1.67,31400,6.9,17.6,450,1.6,12.4,0.001,200,0.22,3,0.5,15.2,44.5,0.33,0.025,0.32,3770,0.04,1.9,339,2.9,4.6,14,86.1,1.31,0.64,0.3,1.69,0.22,0.11,5.1,1.23,1.59,0.26,0.1,0.8,9.976363,189.804167,2.168739,26.021077,2.059876,1.708024,4.232622,1031.114451,0.628849,24.846463,971.002909,52.625666,0.01898,0.103111,0.002485,0.0971,0.005263,,,,,,0.697955664,0.223496657
GTK-21-01,761,762,half-NQ2,2.64,f.grained ?metavolcanic w/ patch v.fine pink fspr alt; dissem mt,0.0025,0.02,57600,2.5,180,1.27,0.27,7500,0.04,17.25,47.8,61,0.22,25.7,265000,15.65,0.62,1.5,0.266,1.89,7.3,4.8,0.37,351,4.64,25900,5.5,12.3,440,3,21.9,0.001,700,0.88,2.1,0.5,13.4,18.8,0.28,0.025,0.88,3000,0.03,7.6,439,2.6,6.2,8,60,1.72,0.72,0.4,1.99,0.26,0.1,8.1,2.06,2.22,0.31,0.11,0.73,10.883305,200.969118,1.04939,37.887832,2.276705,0.613562,3.491239,1008.200797,0.50041,89.154957,453.220773,22.232866,0.020097,0.10082,0.008915,0.045322,0.002223,,,,,,0.527727093,0.226437402
GTK-21-01,765,766,half-NQ2,2.41,v.fine pink feldspar clasts in sheared metavolcanic; trace pyrite,0.0025,0.02,73700,0.5,390,1.96,0.05,2000,0.03,7.22,34.2,3,1.07,4,133000,20.5,0.25,2.4,0.483,4.05,2.4,21.5,2.23,437,4.58,16300,7.3,18.7,380,1.3,52.1,0.001,400,0.62,1.1,0.5,10,13.1,0.25,0.025,0.27,4630,0.12,1.4,298,1.7,4.1,18,96.4,1.05,0.54,0.2,1.27,0.18,0.09,4.4,0.99,1.32,0.2,0.08,0.6,13.92534,435.433088,0.279837,19.015402,4.878654,3.697955,2.197189,870.71887,0.7723,4.38467,564.266318,15.49205,0.043543,0.087072,0.000438467,0.056427,0.001549,,,,,,0.259568643,0.379224492
GTK-21-01,770,771,half-NQ2,2.41,schist,0.0025,0.25,21805.14,0.1,52.5,,0.04,82547.97,0.25,168,30,10,0.73,8,100018.92,4.9,2.5,3.2,0.357,1.195412,55.3,10,3.196091,2478.4,2,964.41,4,14,131.0043668,1,35.6,0.001,100,0.06,4,0.1,8,45.7,0.3,0.005,2.48,959.21,0.03,1.02,90,1,429,15,116,77.7,49.2,3.14,56.6,16.55,6.58,140,28.8,47.7,11.05,7.56,48.4,,,,,,,,,,,,,,,,,,49.6,11.9,98.86,3.14,0.0025,0.051908076,0.378327208
GTK-21-01,774,775,half-NQ2,2.44,schist,0.0025,0.01,28100,0.8,60,13.95,0.15,100500,0.02,157,23.4,15,0.46,207,72300,6.8,0.27,2.5,0.411,0.86,59.7,18,2.68,2440,3.91,2600,5.1,10.7,220,1.9,22.7,0.004,500,0.18,11.3,1,6.8,53.6,0.21,0.025,9.23,690,0.03,1.9,55,0.8,152,23,84.2,31.7,19.55,2.26,26,6.41,2.91,100.5,22.5,25.3,4.76,3.07,19.85,5.30939,66.989706,14.061824,10.336944,1.035961,4.444179,0.350472,504.100398,0.115094,21.92335,3150.594546,63.387319,0.006699,0.05041,0.002192,0.315059,0.006339,,,,,,0.108592327,0.211203434
GTK-21-01,778,779,half-NQ2,2.12,schist,0.0025,0.01,30400,0.4,60,12,0.11,97600,0.02,148,21.5,18,0.34,36.3,81200,5.32,0.29,2.8,0.409,0.58,48.7,16.9,3.13,2440,7.09,1100,6,9.3,150,1.7,15.4,0.003,400,0.09,10.7,0.5,5.8,33.6,0.22,0.025,3.73,800,0.02,1.4,52,3.3,175.5,40,83.9,36,21.4,2.39,28.9,7.27,3.19,102.5,22.5,26.6,6.29,3.27,21.8,5.743966,66.989706,13.65606,11.609404,0.698671,5.190403,0.148277,343.704817,0.133443,26.30802,3150.594546,39.735334,0.006699,0.03437,0.002631,0.315059,0.003974,,,,,,0.042466964,0.13166285
GTK-21-01,782,783,half-NQ2,2.14,magnetite-banded schist,0.0025,0.02,29100,0.5,60,10.6,0.22,79100,0.04,125,26.9,19,0.56,175.5,84000,6.59,0.24,2.2,0.49,0.81,42.6,17.3,3.23,2040,15.95,800,3,11.2,210,1.4,23.9,0.005,300,0.11,14.8,0.5,9.1,37.4,0.12,0.025,1.44,810,0.03,1.6,66,2.7,139.5,55,76.7,28.2,15.4,2.22,23.9,5.23,2.22,87.9,19.45,22.4,4.15,2.37,15.35,5.498336,66.989706,11.067565,12.009728,0.975731,5.356231,0.107837,481.186744,0.135111,27.769577,2634.103636,44.229211,0.006699,0.048119,0.002777,0.26341,0.004423,,,,,,0.03226481,0.192088282
GTK-21-01,786,787,half-NQ2,2.79,porphyroblastic schist (white 'millet seed' porphyroblasts),0.0025,0.005,19300,0.4,50,15.8,0.2,74700,0.03,120,35,16,0.8,2.5,94500,6.1,0.3,2.1,0.601,1.39,31.7,9.7,5.21,2120,0.36,1100,2.6,12.7,60,1.1,41.5,0.001,50,0.19,14.2,0.5,6.9,47.9,0.11,0.025,0.86,1360,0.05,0.8,105,0.8,109.5,121,74.6,27.2,12.35,2.21,25.4,4.7,1.85,99.9,20.8,26.8,4.41,1.81,12.1,3.646663,55.824755,10.451923,13.510944,1.674402,8.639617,0.148277,137.481927,0.226853,23.384907,2737.401818,56.646503,0.005582,0.013748,0.002338,0.27374,0.005665,,,,,,0.066890969,0.497011382
GTK-21-01,790,791,half-NQ2,2.47,"schist w/ mt-ca veining, mnr tan ?se?ank alt",0.0025,0.02,14900,1.5,60,17.75,0.73,87600,0.03,151,30.8,22,1.32,111.5,116000,7.63,0.33,2.9,0.501,0.86,47.8,14.2,3.1,2380,0.64,600,3.9,11.2,170,4.7,49.3,0.002,50,0.31,20.7,0.5,9.7,38.9,0.18,0.025,1.44,1950,0.07,1.8,141,2.5,157.5,57,101,37.4,18.35,2.83,34.1,6.94,2.38,114.5,24.6,31.5,6.03,2.69,17.1,2.815299,66.989706,12.256874,16.584862,1.035961,5.140655,0.080878,389.532126,0.325267,32.154247,3073.120909,46.00311,0.006699,0.038953,0.003215,0.307312,0.0046,,,,,,0.047260367,0.398309831
GTK-21-01,800,801,half-NQ2,2.44,schist overgrown by coarse magnetite & calcite veining,0.0025,0.01,17000,0.7,90,14.95,0.09,76200,0.03,142,30.5,19,1.11,6.3,127000,8.19,0.33,2.4,0.481,1.64,44.5,11.7,3.65,3130,7.12,600,3.2,13.8,190,1,52.2,0.007,100,0.34,26.6,0.5,8.4,47.4,0.16,0.025,1.1,1960,0.09,2.1,153,0.8,117,28,79.2,29.9,14.85,3,30.9,5.1,1.84,105.5,22.5,29.2,5.12,2.11,13.3,3.212087,100.484559,10.661801,18.157565,1.975554,6.052707,0.080878,435.359435,0.326935,27.769577,4041.541364,56.055204,0.010048,0.043536,0.002777,0.404154,0.005606,,,,,,0.041422322,0.665738648
GTK-21-01,806.2,807.2,half-NQ2,2.78,tan alt schist cut by qz vein & overgrown by magnetite,0.0025,0.005,2500,0.6,20,9.36,0.15,65300,0.02,111.5,32.8,20,0.1,5.1,258000,9.06,0.29,2.5,0.129,0.2,35.9,1.9,2.59,4160,7.35,200,5.8,15,20,1.2,6.4,0.002,100,0.56,15.2,0.5,4.8,43.8,0.31,0.025,0.55,3160,0.01,1.1,320,0.7,58.9,10,86.1,16.8,8.18,2.19,18.95,2.95,1.03,82.3,17.6,21.4,3.03,1.21,7.72,0.472366,22.329902,9.136688,36.887021,0.240921,4.294934,0.026959,45.827309,0.527099,29.231133,5371.505455,51.797846,0.002233,0.004583,0.002923,0.537151,0.00518,,,,,,0.093890596,0.552075952
GTK-21-01,810,811,half-NQ2,2.07,semi-massive magnetite,0.0025,0.01,28000,0.9,220,1.48,0.1,12200,0.03,7.08,29.4,40,0.13,3.8,323000,16.6,1.07,2.7,0.204,3.02,2.4,2.8,0.31,584,0.47,900,2.5,14.9,380,1.2,35,0.001,200,0.36,7.1,0.5,9,14,0.12,0.025,0.47,2070,0.04,0.9,506,1.8,18.3,6,109.5,2.9,1.94,0.28,2.53,0.98,0.33,5.3,1.06,1.91,0.5,0.29,3.35,5.290495,245.628922,1.707008,46.180263,3.63791,0.514065,0.121317,870.71887,0.345283,58.462267,754.076727,16.556389,0.024563,0.087072,0.005846,0.075408,0.001656,,,,,,0.0377239,0.744316685
GTK-21-01,820.8,821.8,half-NQ2,2.7,tan alt schist,0.0025,0.03,14100,2,90,6.71,0.35,58900,0.03,72.5,55.1,524,0.59,262,235000,12.85,0.22,2.6,0.319,1.15,24.6,7.9,2.89,4240,6.86,200,9.8,141.5,80,2.3,37.8,0.001,4700,0.91,19.1,0.5,10,39.2,0.43,0.025,0.39,4510,0.07,1.7,314,2.1,40.9,14,97.3,11.2,5.33,1.69,13.3,1.91,0.73,55,11.8,15,2.09,0.83,5.24,2.664142,100.484559,8.241209,33.598643,1.385297,4.792417,0.026959,183.309236,0.752284,765.855698,5474.803637,46.35789,0.010048,0.018331,0.076586,0.54748,0.004636,,,,,,0.016647269,0.562843391
GTK-21-01,823,824,half-NQ2,2.5,schist w/ mnr magnetite,0.0025,0.01,17500,0.9,60,18.6,0.21,59700,0.02,140.5,18.8,14,0.34,142.5,135500,6.24,0.31,2.1,0.355,0.74,44.1,4.8,2.66,3160,1.48,8300,2.4,10.7,240,1.1,22.1,0.001,500,0.19,16.9,1,6.8,50.4,0.13,0.025,1.17,1140,0.04,0.9,97,0.4,119,8,75.4,27.7,14,2.5,27.1,4.92,1.86,103.5,22,27,4.92,2.12,13.65,3.30656,66.989706,8.353143,19.372835,0.891408,4.411014,1.118814,549.927707,0.190156,20.461793,4080.278182,59.603001,0.006699,0.054993,0.002046,0.408028,0.00596,,,,,,0.556637107,0.291811575
GTK-21-01,824,825,half-NQ2,2.81,schist w/ minor-moderate magnetite,0.0025,0.01,14700,1.3,80,16.25,0.48,61700,0.02,123,35.9,31,0.56,17.2,187500,10.2,0.31,2,0.395,0.94,37.2,6,2.8,3090,1.78,4200,11.7,15.1,70,1.3,29.3,0.002,3300,0.43,34.4,0.5,7.4,43.2,0.62,0.025,1.01,3190,0.05,0.8,198,1.1,121.5,10,60.7,30.2,15.45,2.27,28.6,5.8,2.03,93.4,20.2,26.9,4.98,2.34,14.6,2.77751,89.319608,8.632981,26.807428,1.13233,4.643172,0.566147,160.395581,0.532103,45.308257,3989.892273,51.088287,0.008932,0.01604,0.004531,0.398989,0.005109,,,,,,0.335323558,0.4412852
GTK-21-01,825,826,half-NQ2,2.6,schist w/ minor-moderate magnetite,0.0025,0.01,40800,1.8,70,4.87,0.48,39100,0.03,67.3,29.4,27,0.4,52.9,191500,17.7,0.19,5.1,0.245,0.97,24.6,4.6,1.7,2210,3.4,23100,8.2,15.1,320,1.9,21.3,0.002,4100,0.3,18,0.5,7.9,40.8,0.42,0.025,3.05,3880,0.05,1.8,307,1.4,37.5,9,201,9.41,4.81,1.38,10.55,1.7,0.71,44.4,9.81,11.65,1.7,0.74,4.93,7.709008,78.154657,5.470819,27.37932,1.168468,2.819069,3.113808,733.236943,0.647197,39.46203,2853.612273,48.250049,0.007815,0.073324,0.003946,0.285361,0.004825,,,,,,0.66448308,0.164066689
GTK-21-01,826,827,half-NQ2,2.28,taupe-altered & variably foliated volcanic w/ mnr magnetite,0.0025,0.01,58100,1.1,70,3.44,0.37,27700,0.03,171.5,21.2,15,0.47,114.5,141000,24,0.28,10,0.235,1.27,69.9,6.6,1.29,1400,2.07,31500,10.6,10.5,370,2.3,28,0.001,3400,0.16,16.9,0.5,11,51,0.56,0.025,8.61,4020,0.06,3.4,190,1.6,23.4,9,414,6.39,2.74,2.56,12.1,1,0.52,91,22.4,18.25,1.49,0.45,3.18,10.977778,78.154657,3.875747,20.159186,1.52985,2.139176,4.246101,847.805216,0.67055,21.92335,1807.718182,60.312561,0.007815,0.084781,0.002192,0.180772,0.006031,,,,,,0.636306752,0.150846915
GTK-21-01,827,828,half-NQ2,2.49,taupe-altered volcanic w/ mnr magnetite-schist,0.0025,0.01,60600,1,130,3.33,0.49,25800,0.03,106,24.9,18,0.78,14.7,119000,23.2,0.2,10.8,0.254,2.7,44.1,10.3,1.72,1300,3.1,15500,18.5,10.7,270,2.2,50.8,0.002,4000,0.08,16.5,0.5,12.8,43.2,0.85,0.025,7.55,4980,0.1,3.3,165,3,21.9,7,439,6.02,3.32,1.84,9.22,0.94,0.52,55.9,13.65,12,1.25,0.44,3.23,11.450144,145.144363,3.609901,17.013781,3.252436,2.852234,2.089351,618.668671,0.830681,26.30802,1678.595455,51.088287,0.014514,0.061867,0.002631,0.16786,0.005109,,,,,,0.300186519,0.307468043
GTK-21-01,828,829,half-NQ2,2.34,taupe-altered & variably foliated volcanic w/ tr pyrite,0.005,0.01,60400,1.1,130,2.76,0.93,39400,0.03,109,26.7,10,0.43,107,100000,21.9,0.2,11.3,0.357,2.47,46.7,9.1,1.76,2300,2.08,16200,14,9.6,180,2.6,41.3,0.001,5200,0.1,19.1,0.5,12.6,49.8,0.66,0.025,7.42,3430,0.06,3.3,132,3.5,20.4,8,445,5.6,2.65,1.86,8.76,0.97,0.52,56.4,13.7,12.1,1.15,0.41,3.67,11.412354,145.144363,5.512795,14.297295,2.975377,2.918565,2.183709,412.445781,0.572136,14.615567,2969.822727,58.893442,0.014514,0.041245,0.001462,0.296982,0.005889,,,,,,0.314782214,0.282207699
GTK-21-01,829,830,half-NQ2,2.25,volcanic w/ mnr magnetite-schist; minor pyrite,0.005,0.01,59900,1.6,130,3.07,1.41,43600,0.04,68.1,55.7,23,0.51,11.8,123500,28.5,0.16,10.3,0.404,2.45,29.9,9.2,2.27,3090,4.34,17700,6.6,12.2,70,3.6,40.2,0.001,10900,0.15,26,0.5,18.5,47.4,0.36,0.025,4.38,4040,0.07,3.2,231,2.2,15.9,11,428,4.01,2.01,1.26,6.26,0.67,0.46,34.1,8.61,8.17,0.87,0.35,2.7,11.317881,145.144363,6.100453,17.657159,2.951285,3.764286,2.385905,160.395581,0.673886,33.615804,3989.892273,56.055204,0.014514,0.01604,0.003362,0.398989,0.005606,,,,,,0.346799573,0.282259199
GTK-21-01,830,831,half-NQ2,2.56,volcanic w/ mnr magnetite & quartz vein; minor pyrite,0.0025,0.01,62500,0.9,90,2.08,0.36,30600,0.04,147,19.1,15,0.53,114.5,124000,24.6,0.25,11.1,0.255,1.87,66.8,8.2,1.65,1790,2.81,30000,10.8,12.6,450,2.7,37,0.002,3700,0.17,13.1,0.5,12.7,57.7,0.57,0.025,9.52,4030,0.08,3.6,228,1.9,19.5,11,455,5.16,2.23,2.21,9.65,0.82,0.5,74,18.05,14.7,1.11,0.38,2.85,11.809142,100.484559,4.281511,17.728646,2.252613,2.736155,4.043906,1031.114451,0.672218,21.92335,2311.296818,68.235976,0.010048,0.103111,0.002192,0.23113,0.006824,,,,,,0.563343578,0.206476406
GTK-21-01,831,832,half-NQ2,2.93,volcanic-magnetite breccia w/ significant pyrite,0.006,0.02,47400,2.1,80,1.92,3.64,29000,0.05,80.2,75.8,14,0.68,38.1,214000,27.1,0.6,7.9,0.204,1.83,36.5,9.9,1.58,1610,3.2,20300,8.4,24.5,270,4.3,40.4,0.001,19600,0.3,10.6,0.5,10.6,44.3,0.5,0.025,5.94,4090,0.1,3.2,395,2.3,15.3,11,317,3.71,2.01,1.41,6,0.64,0.41,39.7,10.2,8.44,0.78,0.33,2.58,8.956053,89.319608,4.057641,30.596212,2.204429,2.620076,2.736376,618.668671,0.682226,20.461793,2078.875909,52.389146,0.008932,0.061867,0.002046,0.207888,0.005239,,,,,,0.50263162,0.266429059
GTK-21-01,832,833,half-NQ2,2.25,volcanic w/ mnr magnetite-schist; tr yellow pyrite,0.0025,0.01,60000,0.6,160,1.93,0.29,49800,0.04,108,21.4,7,0.55,291,109000,21.9,0.21,9.9,0.338,3.57,49,9.2,1.68,2630,3.42,14400,13.6,13.4,630,2.5,55,0.002,1700,0.25,16.1,0.5,14.1,53.2,0.62,0.025,7.3,4010,0.09,4.3,204,3.7,21,7,408,7.37,2.6,1.75,7.68,0.84,0.54,53.2,13.3,11.05,1.05,0.43,3.27,11.336776,178.639216,6.967949,15.584052,4.300443,2.785903,1.941075,1443.560232,0.668882,10.230897,3395.927727,62.914279,0.017864,0.144356,0.001023,0.339593,0.006291,,,,,,0.281671789,0.410606489
GTK-21-01,833,834,half-NQ2,2.44,volcanic w/ mnr qz-cb veining,0.0025,0.01,62300,1.3,190,1.36,0.14,17200,0.02,83.9,41,4,0.39,3.6,152000,22.5,0.28,7.7,0.19,5.23,36.4,7.3,0.91,880,4.14,10800,9.1,11.8,1000,3.1,52.9,0.001,1100,0.24,10,0.5,10.5,30.2,0.38,0.025,5.7,2980,0.09,6.5,251,1.8,17,5,327,3.67,2.02,1.36,6.39,0.66,0.35,43.6,10.9,8.98,0.77,0.33,2.26,11.771352,212.134069,2.406601,21.731889,6.300089,1.509031,1.455806,2291.365448,0.497074,5.846227,1136.28,35.714497,0.021213,0.229137,0.000584623,0.113628,0.003571,,,,,,0.203454743,0.579325287
GTK-21-01,834,834.86,half-NQ2,2.13,magnetite-schist/metasomatite w/ do-ca veining,0.0025,0.01,49100,1.3,160,1.78,1.04,36400,0.06,31.5,70,21,0.82,14.1,213000,24.7,0.47,7.8,0.247,3.68,14.7,14.1,2.39,2390,7.51,2600,5.3,21.2,40,1.8,74.4,0.002,5800,0.28,14,0.5,21.4,20.4,0.28,0.025,2,5180,0.14,3.4,437,2.3,9.8,8,340,2,1.64,0.6,2.64,0.38,0.34,15.3,3.85,3.65,0.37,0.26,2.04,9.277262,178.639216,5.093039,30.453239,4.43295,3.963279,0.350472,91.654618,0.864042,30.69269,3086.033182,24.125024,0.017864,0.009165,0.003069,0.308603,0.002413,,,,,,0.062147543,0.517219833
GTK-21-01,834.86,836,half-NQ2,2.87,"magnetite schist w/ mnr volcanic, mnr pyrite w/ magnetite",0.006,0.02,52300,2.9,180,1.69,4.4,30500,0.03,31.2,134,18,1.11,17.6,196000,30.1,0.34,7.6,0.221,3.61,13.8,17.2,3.02,2100,6.18,7100,6.6,26.2,110,2.7,90.1,0.002,16400,0.23,12.4,0.5,14.3,24.6,0.36,0.025,2.52,6170,0.17,3.4,383,1.9,10.2,11,345,2.04,1.36,0.63,2.7,0.39,0.35,15.4,3.8,3.65,0.39,0.25,2.14,9.88189,200.969118,4.267519,28.022698,4.348627,5.007993,0.957058,252.050199,1.029177,26.30802,2711.577273,29.091941,0.020097,0.025205,0.002631,0.271158,0.002909,,,,,,0.159326777,0.476337043
GTK-21-01,836,837,half-NQ2,2.91,magnetite-schist/metasomatite and volcanic; trace pyrite,0.0025,0.01,54500,1.5,680,1.8,2.79,31300,0.04,41.4,91.9,23,0.9,8.5,176000,24.6,0.18,6,0.22,2.94,17.4,13.2,2.13,1480,5.08,14200,4.5,18.2,80,2.1,71.2,0.002,16600,0.18,10,0.5,13,34.8,0.24,0.025,1.54,4370,0.15,2.8,349,1.5,8.6,8,259,2.03,1.14,0.84,3.51,0.35,0.3,21,5.17,4.89,0.44,0.21,1.69,10.297571,759.216667,4.379454,25.163239,3.541541,3.532127,1.914116,183.309236,0.728931,33.615804,1911.016364,41.154453,0.075922,0.018331,0.003362,0.191102,0.004115,,,,,,0.305790474,0.372271399
GTK-21-01,837,838,half-NQ2,3.05,"volcanic & magnetite schist, mnr pyrite w/ magnetite",0.0025,0.02,50500,2,90,1.79,1.5,7700,0.03,53.3,102,23,0.62,19.1,249000,26.7,1.45,5.7,0.105,1.9,19.6,10.2,1.25,611,4.85,27700,5.5,20.7,100,2.5,30,0.002,14600,0.26,5.9,0.5,8.9,27.6,0.31,0.025,1.28,3970,0.1,2.9,414,1.2,7.5,7,246,2.1,1.07,0.86,3.8,0.36,0.23,27.7,7.21,5.92,0.47,0.19,1.38,9.541786,100.484559,1.077374,35.600265,2.288751,2.072845,3.733873,229.136545,0.66221,33.615804,788.939864,32.639739,0.010048,0.022914,0.003362,0.078894,0.003264,,,,,,0.643754831,0.25963968
GTK-21-01,840,841,half-NQ2,2.47,volcanic w/ mnr mt-ca veining,0.0025,0.01,49300,1.2,120,2.08,0.13,2700,0.03,21.7,31.4,6,0.16,3.6,221000,22.4,0.66,7.4,0.147,1.53,7.8,3.3,0.28,144,4.24,31700,15.4,13.6,690,2.7,19,0.001,200,0.62,9.3,0.5,9.7,27.5,0.67,0.025,4.36,3540,0.03,6.6,288,1.8,14.5,4,306,3.31,2.05,0.49,3.38,0.63,0.38,13.9,3.09,3.75,0.54,0.37,2.54,9.315051,133.979412,0.37778,31.597022,1.843047,0.464317,4.273061,1581.042159,0.590484,8.76934,185.936727,32.521479,0.013398,0.158104,0.000876934,0.018594,0.003252,,,,,,0.754648048,0.214167395
GTK-21-01,849,850,half-NQ2,2.38,fine-grained volcanic; lightly magnetite-spotted/veined,0.0025,0.005,59600,1.1,160,1.81,0.08,6200,0.05,52,22.3,4,0.17,4.7,180000,23.7,0.39,8,0.123,3.2,20.9,3.5,0.41,283,3.26,29300,13.9,11.1,610,3,35.4,0.001,200,0.57,13.3,0.5,8.5,28.2,0.58,0.025,3.73,3550,0.05,5.8,233,1.4,14.3,5,330,2.96,1.85,0.74,4.25,0.58,0.34,27.2,6.95,5.91,0.59,0.32,2.14,11.261197,178.639216,0.867496,25.735131,3.854739,0.679893,3.949548,1397.732923,0.592152,5.846227,365.417318,33.349298,0.017864,0.139773,0.000584623,0.036542,0.003335,,,,,,0.576970317,0.370520773
GTK-21-01,850,851,half-NQ2,2.55,volcanic and metasomatic ironstone-calcite,0.0025,0.005,48600,1,120,2.25,0.1,26700,0.03,52.1,39.7,5,0.63,3.4,228000,25.8,0.74,6.9,0.147,3,21.1,8.7,1.35,1020,1.88,18800,8.3,17.1,440,2.4,53.3,0.001,300,0.38,17.2,0.5,9.8,38.4,0.4,0.025,3.39,3930,0.11,3.7,317,1.2,20.8,10,291,4.11,2.18,0.91,5.47,0.73,0.46,29.9,7.44,7.15,0.74,0.38,2.74,9.182789,133.979412,3.735828,32.597833,3.613818,2.238672,2.534181,1008.200797,0.655538,7.307783,1317.051818,45.411811,0.013398,0.10082,0.000730778,0.131705,0.004541,,,,,,0.453997739,0.425984531
GTK-21-01,856.8,858,half-NQ2,3.53,magnetite-volcanic-calcite breccia,0.0025,0.01,29100,1.1,100,5.71,0.12,17800,0.03,55.3,43.8,16,0.33,13,378000,25.7,1.36,4.9,0.113,2.23,21.3,4.8,0.92,1280,1.81,8300,8.6,22.9,230,2.9,33.6,0.001,200,0.37,19.6,0.5,8.8,32.4,0.53,0.025,2.59,3920,0.06,2.4,584,1.2,40.7,10,206,10.55,4.35,2.04,13.65,1.73,0.52,34.6,8.1,11.6,2.07,0.7,4.32,5.498336,111.64951,2.490552,54.043775,2.686271,1.525614,1.118814,527.014053,0.65387,23.384907,1652.770909,38.316215,0.011165,0.052701,0.002338,0.165277,0.003832,,,,,,0.334747401,0.528835641
GTK-21-01,860,861,half-NQ2,2.67,volcanic-magnetite breccia; pink feldsapr alt of volc,0.0025,0.01,50700,1.6,200,3.06,0.14,18500,0.02,74,39.7,21,0.44,27.3,263000,24.6,0.46,7.1,0.093,4.5,33.5,5.3,0.78,1000,3.4,13100,6.6,14.4,270,1.9,58.5,0.001,800,0.27,14.7,0.5,6.6,38.3,0.43,0.025,4.31,2950,0.1,2.6,404,0.7,20.8,7,310,5.26,2.56,1.27,6.82,0.97,0.44,35,9.19,8.03,0.93,0.42,2.88,9.579576,223.29902,2.588495,37.601886,5.420727,1.293455,1.765839,618.668671,0.49207,30.69269,1291.227273,45.293551,0.02233,0.061867,0.003069,0.129123,0.004529,,,,,,0.303246255,0.612510302
GTK-21-01,870,871,half-NQ2,2.41,volcanic w/ mnr calcite-magnetite veining; trace pyrite,0.0025,0.02,57500,1.5,50,2.13,0.12,40200,0.01,79.2,30.8,22,0.99,156,158000,28.3,0.18,7.7,0.199,1.32,32.9,7.4,1.27,1010,4.04,36100,6,15.8,480,2.3,31.7,0.001,2900,0.13,17.5,0.5,7.2,54.2,0.29,0.025,4.02,2850,0.07,3.3,224,1.4,21.7,6,348,5.05,2.5,1.34,7.18,0.87,0.47,40.6,10.45,9.02,1.06,0.41,3.04,10.86441,55.824755,5.62473,22.589726,1.59008,2.10601,4.866167,1099.855415,0.47539,32.154247,1304.139546,64.096879,0.005582,0.109986,0.003215,0.130414,0.00641,,,,,,0.736837071,0.158421795
GTK-21-01,880,881,half-NQ2,1.93,brick-red-brown feldspar porphyry volcanic,0.0025,0.01,70300,1.2,30,0.78,0.06,17500,0.01,331,14.8,7,0.07,12.9,22600,28.1,0.33,9.7,0.085,0.6,161.5,1.6,0.45,747,1.87,53100,35.3,2.1,170,3.4,10.6,0.001,700,0.16,8.1,0.5,3.7,37.8,2.16,0.025,42.7,1250,0.02,7.4,14,0.8,19.2,2,328,5.82,2.35,2.51,13.4,0.89,0.42,122.5,35.4,20.1,1.4,0.37,2.64,13.282922,33.494853,2.448576,3.231189,0.722764,0.746224,7.157714,389.532126,0.208504,10.230897,964.546773,44.702251,0.003349,0.038953,0.001023,0.096455,0.00447,,,,,,0.886484826,0.058898572
GTK-21-01,889,890,half-NQ2,2.26,magnetite schist,0.0025,0.01,14200,0.9,30,9.74,0.11,34800,0.03,85.2,57.1,28,0.67,7.1,322000,19.4,0.84,3,0.313,1.12,27.6,8.4,2.53,2150,4.14,1300,4.9,24.9,350,1.7,37.5,0.001,100,0.32,23.1,0.5,8.9,22.2,0.24,0.025,0.66,3700,0.07,1.5,387,0.9,54.7,12,133,14.05,6.13,2.19,16.8,2.39,0.83,63.8,13.25,18.3,2.52,1,5.93,2.683037,33.494853,4.869169,46.03729,1.349159,4.195438,0.175236,801.977907,0.617173,40.923587,2776.138636,26.253703,0.003349,0.080198,0.004092,0.277614,0.002625,,,,,,0.107445225,0.544300235
GTK-21-01,890,891,half-NQ2,2.82,magnetite schist w/ mnr qz-py,0.0025,0.02,15200,1.1,40,12.5,0.36,54800,0.02,52.5,44.6,25,0.5,524,262000,18.95,0.37,2.5,0.389,1.09,17.6,7.7,3.04,3660,9.92,1700,4.9,23.1,260,1.5,38.5,0.001,700,0.28,27.3,0.5,7.6,30.8,0.24,0.025,0.59,3640,0.06,1,366,0.6,25.9,11,99.1,6.41,3,1.03,7.56,1.2,0.5,39.7,8.73,9.73,1.09,0.46,3.12,2.871983,44.659804,7.667542,37.458913,1.31302,5.041158,0.229155,595.755016,0.607165,36.538917,4725.891818,36.424056,0.004466,0.059576,0.003654,0.472589,0.003642,,,,,,0.131261524,0.494870714
GTK-21-01,900,901,half-NQ2,2.47,brown aphanitic volcanic,0.0025,0.01,73600,1.2,160,4.81,0.07,18600,0.01,59.6,13.9,3,0.32,24.8,109500,28.8,0.17,12.1,0.145,5.36,25.5,5.8,0.85,1090,3.08,26100,18.6,8.8,720,3.2,89.3,0.001,400,0.23,17.5,0.5,4,42.2,0.84,0.025,7,3660,0.11,6.2,131,0.8,28,4,570,5.29,3.21,1.41,6.46,1.26,0.58,32,7.95,7.21,0.91,0.51,3.51,13.906445,178.639216,2.602487,15.655538,6.456688,1.409534,3.518198,1649.783122,0.610501,4.38467,1407.437727,49.905688,0.017864,0.164978,0.000438467,0.140744,0.004991,,,,,,0.41619303,0.502569141
GTK-21-01,909,910,half-NQ2,2.26,dark-grey aphanitic volcanic,0.0025,0.005,68700,1.7,250,3.73,0.14,31700,0.02,89,23.2,6,0.4,24.3,95100,25.9,0.21,9.4,0.217,4.35,37.1,15,1.22,2230,1.8,21300,34.1,10.6,1720,2.8,92.6,0.001,900,0.14,25.6,1,7.6,37.1,1.52,0.025,5.91,10650,0.1,4.7,116,4.4,38.4,7,409,7.95,4.08,2.1,8.96,1.5,0.58,47.5,11.7,9.85,1.3,0.63,4.01,12.980608,279.123775,4.435421,13.596728,5.240036,2.023096,2.871173,3941.14857,1.776457,8.76934,2879.436818,43.874432,0.027912,0.394115,0.000876934,0.287944,0.004387,,,,,,0.363877311,0.436959678
GTK-21-01,921.05,922,half-NQ2,2.06,grey fine-grained volcanic; minor ca veinlet; mt alt,0.0025,0.25,73036.64,1,363,,0.1,27444.52,0.25,93.3,18,5,0.22,52,84981.11,25.5,2.5,13.7,0.083,4.242051,40.1,10,1.0131,2168.6,2,26335.92,69.1,2,2227.074236,1,95.3,0.0005,400,0.025,19,0.2,7,41.2,3.2,0.005,10.35,12769.52,0.04,4.54,111,2,66.7,9,585,11.15,7.13,2.13,11.15,2.4,0.94,49.3,12,10.9,1.79,1.01,6.59,,,,,,,,,,,,,,,,,,54.1,2.94,100.13,0.75,0.0025,0.423194309,0.400814979
GTK-21-01,930,931,half-NQ2,2.39,grey fine-grained volcanic; minor ca veinlet; mt alt,0.0025,0.01,76900,1.2,410,4.64,0.09,12700,0.03,101.5,13.9,3,0.21,7.6,85700,29.9,0.19,11.6,0.107,3.16,43.3,9.7,0.96,608,0.78,41100,14,4.3,1860,3.1,78.6,0.001,200,0.14,21.8,0.5,2.7,40.5,0.67,0.025,8.57,3310,0.07,3.9,76,0.4,42.2,12,499,8.44,4.47,2.35,9.67,1.58,0.53,52.3,12.75,10.6,1.4,0.63,3.86,14.529968,457.76299,1.776967,12.252782,3.806555,1.591945,5.540151,4261.939733,0.552119,4.38467,785.066182,47.895269,0.045776,0.426194,0.000438467,0.078507,0.00479,,,,,,0.627259998,0.283576074
GTK-21-01,931,932,half-NQ2,2.55,grey fine-grained volcanic; minor ca veinlet; mt alt,0.0025,0.01,70200,1.3,420,4.37,0.09,17100,0.03,88.4,15.4,6,0.21,40.3,77200,27.8,0.44,11.4,0.107,3.36,35.9,9.1,0.95,787,3.78,44400,17.1,5.3,2440,3.8,72.1,0.001,300,0.15,19.4,0.5,2.8,43,0.78,0.025,7.44,3890,0.08,3.6,75,0.5,41.4,13,640,8.27,4.27,2.21,9.48,1.58,0.56,48.3,11.4,9.99,1.38,0.61,3.71,13.264028,468.927941,2.392609,11.037512,4.047476,1.575362,5.984981,5590.931692,0.648865,8.76934,1016.195864,50.851767,0.046893,0.559093,0.000876934,0.10162,0.005085,,,,,,0.742297449,0.330301852
GTK-21-02A,642,643,half-HQ,3.92,"weathered microgranitoid, solid core without late structures",0.0025,0.03,73100,0.3,160,2.77,0.28,1200,0.01,124,34.8,5,0.71,1.1,66100,33.6,0.17,9.2,0.012,1.14,61.1,10.1,1.03,209,0.38,36600,11.2,6.1,510,7.9,48,0.001,50,0.18,8.5,0.5,3.2,25.8,0.83,0.025,25.2,1360,0.09,7.5,16,1.3,23.8,21,324,4.13,2.65,1.59,7.16,0.8,0.56,56.3,14.5,10.05,0.75,0.41,3.07,13.811972,178.639216,0.167902,9.450512,1.373251,1.708024,4.933565,1168.596378,0.226853,7.307783,269.8665,30.51106,0.017864,0.11686,0.000730778,0.026987,0.003051,,,,,,0.587618985,0.107620825
GTK-21-02A,653,654,half-HQ,2.9,white quartz vein and minor weathered microgranitoid,0.0025,0.06,3200,0.3,10,0.35,0.1,200,0.01,18.4,5,42,0.08,1.8,11100,2.02,0.025,0.4,0.0025,0.05,8.9,2.7,0.23,91,2.74,300,1,2.3,60,8.4,1.7,0.001,100,0.22,0.5,0.5,0.4,1.9,0.06,0.025,1.05,140,0.01,0.5,5,0.6,1.8,9,14.3,0.4,0.19,0.24,1.22,0.07,0.03,7.9,1.98,1.5,0.09,0.03,0.18,0.604628,11.164951,0.027984,1.587,0.06023,0.381403,0.040439,137.481927,0.023352,61.38538,117.501682,2.246939,0.001116,0.013748,0.006139,0.01175,0.000224694,,,,,,0.110028043,0.107827334
GTK-21-02A,654,655,half-HQ,3.1,"weathered microgranitoid with lesser quartz, pyrite veining",0.0025,0.1,40600,0.7,70,2.54,0.24,900,0.04,43.1,32.8,13,0.64,1.6,42400,16.2,0.08,5.2,0.013,1.04,21.8,11.1,1.38,114,4.87,9900,7.1,4.2,400,15.2,36.9,0.001,3800,0.15,5.1,1,2.5,9,0.5,0.08,14.45,880,0.08,3.9,11,1.3,15.1,27,187,2.86,1.68,0.85,3.72,0.57,0.42,19.6,5.03,4.76,0.48,0.24,1.57,7.671218,78.154657,0.125927,6.062053,1.25279,2.288421,1.334489,916.546179,0.146787,19.000237,147.199909,10.643393,0.007815,0.091655,0.0019,0.01472,0.001064,,,,,,0.286181313,0.176773088
GTK-21-02A,664,665,half-HQ,4.23,"chlorite veinlets, goethitic fractures (weathered)",0.0025,0.05,65800,0.7,530,3.7,0.26,2300,0.09,192.5,32.8,8,2.8,1,59800,25.6,0.24,9,0.022,4.31,91.7,20.5,2.61,322,1.6,3000,20.6,10.5,1120,9.6,134,0.001,2600,0.1,8.9,1,6.4,9.3,1.36,0.08,27.1,2340,0.29,6.8,20,1.1,28,41,302,5.45,2.37,2.54,11,0.95,0.43,83,21.4,14.8,1.05,0.36,3.89,12.432664,591.742402,0.321813,8.549782,5.191852,4.3281,0.404391,2566.329301,0.39032,11.692453,415.775182,10.998173,0.059174,0.256633,0.001169,0.041578,0.0011,,,,,,0.053509078,0.452022674
GTK-21-02A,674,675,half-HQ,3.84,"chlorite veinlets, goethitic fractures (weathered), dissem pyrite",0.0025,0.01,61400,1.3,190,3.05,0.2,1400,0.01,95.6,46,10,0.83,2.7,89400,26.3,0.15,8.1,0.031,1.97,50,10.2,1.18,281,4.97,25000,7.9,10,620,2.8,61.8,0.001,5500,0.08,6.3,1,4,12.5,0.58,0.06,24.1,1300,0.11,6.7,26,0.8,21.8,29,284,3.81,2.12,1.18,6.31,0.74,0.41,38.4,10.35,6.82,0.74,0.31,2.25,11.601301,212.134069,0.195886,12.781782,2.373074,1.956765,3.369922,1420.646578,0.216844,14.615567,362.834864,14.78249,0.021213,0.142065,0.001462,0.036283,0.001478,,,,,,0.477863377,0.221414826
GTK-21-02A,686,687,half-HQ,4.04,microgranitoid with dk-grey pervasive chlorite alt; pyrite-magnetite disseminations & veinlets,0.0025,0.01,54800,1.6,30,2.26,0.23,1200,0.01,51.6,71,13,0.2,2.1,97300,28.2,0.1,6.3,0.018,0.28,26,7.4,0.85,236,47.6,34900,4.4,10.5,490,3,11,0.012,6300,0.09,4.8,1,2.5,11.5,0.28,0.06,19.8,490,0.02,5.1,28,0.5,17.1,27,223,2.62,1.55,0.67,3.51,0.61,0.28,21.2,5.82,4.08,0.57,0.31,1.76,10.354255,33.494853,0.167902,13.911268,0.33729,1.409534,4.704411,1122.769069,0.081734,19.000237,304.729636,13.599891,0.003349,0.112277,0.0019,0.030473,0.00136,,,,,,0.747441106,0.035260325
GTK-21-02A,696,697,half-HQ,3.82,"microgranitoid with dk-grey pervasive chlorite alt; pyrite-magnetite disseminations, minor quartz",0.0025,0.25,62451.62,1.8,30.6,,0.22,1572.34,0.25,310,69,10,0.4,2,105614.38,29,2.5,12.3,0.015,0.257346,173.5,10,0.765856,232.35,26,42730.96,29.8,17,567.6855895,7,13.4,0.002,7100,0.025,10,1.1,6,12.6,2.1,0.05,22.9,2937.59,0.01,6.01,37,4,75.4,19,467,15.05,7.85,3.61,18.85,2.88,0.95,121.5,33.3,22,2.65,1.06,6.54,,,,,,,,,,,,,,,,,,64.8,0.85,100.76,0.02,0.0025,0.803028671,0.02843692
GTK-21-02A,706,707,half-HQ,3.44,"microgranitoid with dk-grey pervasive chlorite alt; pyrite-magnetite disseminations, minor quartz",0.0025,0.25,56629.86,0.7,331,,0.09,1072.05,0.25,135,13,20,1.99,3,62948.97,22.7,2.5,12.4,0.007,2.100272,66.9,10,1.230193,309.8,4,17730.38,32.1,9,349.3449782,1,99.6,0.0005,700,0.025,7,0.1,5,14.6,2.1,0.01,20.6,2817.69,0.13,6.19,17,3,56.5,32,489,9.53,5.87,1.74,9.71,2.01,0.81,57.5,15.45,10.75,1.44,0.89,5.48,,,,,,,,,,,,,,,,,,71.3,1.04,99.78,0.02,0.0025,0.367455427,0.255940431
GTK-21-02A,716,717,half-HQ,3.51,"microgranitoid with dk-grey pervasive chlorite alt; pyrite-magnetite disseminations, v.minor quartz",0.0025,0.04,61700,0.8,160,3.36,0.13,1000,0.01,58.7,38.7,10,0.64,1.5,87300,33.6,0.11,7.5,0.07,1.75,30.3,14.8,1.54,302,9.47,13900,10.2,10,450,8.3,105,0.001,2800,0.11,8.1,1,5.5,6.7,0.74,0.025,22.4,1350,0.22,7.2,19,2.3,22.3,27,263,3.46,1.89,0.68,3.66,0.68,0.36,23.5,6.49,4.33,0.76,0.28,1.98,11.657985,178.639216,0.139919,12.481539,2.10806,2.553745,1.873676,1031.114451,0.225185,14.615567,389.950636,7.923415,0.017864,0.103111,0.001462,0.038995,0.000792342,,,,,,0.26440018,0.195731952
GTK-21-02A,726,727,half-HQ,3.33,"microgranitoid with dk-grey pervasive chlorite alt; magnetite veinlets, minor quartz, minor pyrite vn",0.0025,0.07,63500,2.2,40,3.73,0.22,4100,0.04,210,40.5,17,0.19,4.8,84300,31.4,0.23,7.7,0.021,0.31,110,5.6,0.58,227,4.23,43700,5.2,10.9,1810,18.5,15.1,0.001,3700,0.08,9.7,0.5,2.6,12.8,0.39,0.05,31.3,720,0.03,8,22,0.5,25.8,27,276,4.84,2.27,1.95,9.53,0.92,0.43,82.2,22.2,13.3,1,0.34,2.24,11.998088,44.659804,0.573666,12.05262,0.373428,0.9618,5.890623,4147.37146,0.120098,24.846463,293.108591,15.13727,0.004466,0.414737,0.002485,0.029311,0.001514,,,,,,0.807680917,0.033689674
GTK-21-02A,735,736,half-HQ,4.14,microgranitoid with dk-grey pervasive chlorite alt; magnetite veining with epidote-chlorite alt & minor pyrite,0.0025,0.11,44300,6.4,80,8.21,0.59,22500,0.02,426,75.1,9,0.97,10.6,203000,36.4,0.41,5.7,0.043,0.45,223,19.9,2.2,558,110.5,8100,4.7,33.4,10500,21.8,21,0.006,5700,0.13,11.2,1,4.5,55.7,0.37,0.07,64.7,1070,0.07,14.5,106,1.2,60.7,52,195,11.05,5.2,4.17,20.8,2.17,0.71,158.5,43.2,25.1,2.24,0.71,4.46,8.37032,89.319608,3.14817,29.023509,0.542073,3.648207,1.091855,,0.17848,13.15401,720.504818,65.870777,0.008932,,0.001315,0.07205,0.006587,,,,,,0.214591938,0.070099937
GTK-21-02A,745,746,half-NQ2,2.48,microgranitoid with minor magnetite-pyrite veining,0.0025,0.03,55200,1.2,470,6.57,0.16,2400,0.02,216,57.2,8,1.26,4.1,144000,26.6,0.26,6.8,0.055,2.37,119.5,9.8,0.83,230,57.3,16300,6.8,17.7,1180,6.7,64.3,0.007,4200,0.1,7.9,0.5,5,18,0.51,0.05,28.2,1330,0.13,6.5,63,1,22.3,28,234,5.77,2.18,2.22,9.76,0.93,0.39,81.4,22.3,13.35,1.03,0.33,2.11,10.429834,524.752696,0.335805,20.588105,2.854916,1.376369,2.197189,2703.811228,0.221849,11.692453,296.982273,21.286786,0.052475,0.270381,0.001169,0.029698,0.002129,,,,,,0.346561757,0.296290762
GTK-21-02A,754,755,half-NQ2,2.14,dark-green v.strong chlorite altered intrusive w/ minor mt-qz veining and trace pyrite,0.0025,0.04,52600,1.6,70,3.08,0.29,5000,0.02,281,51.2,7,1.47,1,105000,31.8,0.33,7.1,0.058,0.79,157,32.1,5.47,838,36.7,400,16.1,18.5,2440,4.8,36,0.004,1800,0.1,8.1,2,5,6.4,1.12,0.13,33.6,2020,0.11,10.3,62,1.8,27.8,77,245,6.02,2.78,2.54,11.3,1.03,0.45,101.5,28.3,16.1,1.19,0.38,2.79,9.938574,78.154657,0.699593,15.01216,0.951639,9.070769,0.053919,5590.931692,0.336943,10.230897,1082.048455,7.568635,0.007815,0.559093,0.001023,0.108205,0.000756864,,,,,,0.008924962,0.103645438
GTK-21-02A,764,765,half-NQ2,3.54,semi-massive magnetite-quartz breccia of dark-green chlorite-altered intrusive,0.0025,0.06,14500,11.2,30,4.37,0.53,45600,0.03,1920,20,10,0.4,1.6,273000,32.5,1.5,1.3,0.071,0.19,1010,6.8,1.48,394,5.95,200,4.5,32.9,23400,9.5,10.6,0.003,100,0.17,8.6,1,5,36.6,0.3,0.05,119,1350,0.03,14.2,189,3.1,124,31,48,27,10.1,13.8,67.8,4.25,1.18,632,187.5,97.4,6.28,1.28,8.13,2.739721,33.494853,6.38029,39.031616,0.228875,2.454248,0.026959,,0.225185,14.615567,508.743545,43.283132,0.003349,,0.001462,0.050874,0.004328,,,,,,0.016188034,0.090426234
GTK-21-02A,784,785,half-NQ2,3.09,semi-massive magnetite-quartz alteration of dark-green chlorite-altered intrusive,0.0025,0.005,60300,4.8,590,7.71,0.54,17800,0.03,982,77.5,5,1.07,2.6,178500,36.2,0.84,7.2,0.132,3.94,550,15.6,2.76,603,0.7,700,20.7,30.6,9040,6.8,95.1,0.001,100,0.13,10.1,0.5,6.4,13,1.38,0.025,63.1,2350,0.21,18.1,95,3.2,58.7,47,268,13.3,5.42,6.95,35.4,2.25,0.73,319,95,49.6,3.27,0.86,4.52,11.39346,658.732108,2.490552,25.520672,4.746147,4.576841,0.094358,20713.94365,0.391988,7.307783,778.610045,15.37379,0.065873,2.071394,0.000730778,0.077861,0.001537,,,,,,0.013624257,0.450907805
GTK-21-02A,794,795,half-NQ2,3.34,semi-massive magnetite-quartz breccia of dark-green chlorite-altered intrusive,0.0025,0.005,45600,4.1,310,9.66,0.47,12600,0.01,669,56.4,1,1.25,1.6,294000,37.2,0.87,6.5,0.134,2.78,357,15.5,3.14,765,0.85,400,13.9,51.1,6480,5.3,69.2,0.001,50,0.14,12.4,0.5,5.6,8.8,0.94,0.025,48,2270,0.14,12.6,153,2.7,50,57,204,10.8,4.3,5.3,25,1.89,0.69,222,63.8,35.1,2.36,0.59,3.76,8.61595,346.113481,1.762975,42.034048,3.348804,5.206986,0.053919,14848.0481,0.378644,1.461557,987.788864,10.406873,0.034611,1.484805,0.000146156,0.098779,0.001041,,,,,,0.010295022,0.420715775
GTK-21-02A,804,805,half-NQ2,2.94,semi-massive magnetite-quartz breccia of dark-green chlorite-altered intrusive,0.0025,0.25,37365.12,6.3,125.5,,0.34,18796.64,0.5,1015,35,5,0.59,3,397277.94,36,2.5,9.8,0.083,0.863353,603,10,3.672489,697.05,1,370.93,24.8,41,9126.637555,5,26.4,0.0005,100,0.09,8,0.2,13,13.4,1.6,0.01,58,4496.31,0.04,16.35,317,6,182.5,44,370,33.4,17.2,8.58,47.2,6.55,2.25,342,99.9,55.4,6.03,2.33,15.05,,,,,,,,,,,,,,,,,,21.6,2.15,100.37,0.02,0.0025,0.011650852,0.159452328
GTK-21-02A,814,815,half-NQ2,2.51,weak-moderate magnetite-quartz altered intrusive,0.0025,0.01,64600,0.5,20,1.58,0.11,2200,0.02,359,31.8,5,0.78,2.2,180500,36.7,0.57,9.4,0.146,0.23,175.5,29.1,7.92,1040,0.44,200,19.8,34.3,1150,3.7,13.6,0.001,50,0.12,12.4,1,7.3,4.1,1.41,0.025,39.8,3210,0.05,12.9,109,1.3,25.5,90,326,5.99,2.67,3.8,15.95,0.97,0.47,152.5,40,28.3,1.66,0.38,3.71,12.205929,22.329902,0.307821,25.806618,0.277059,13.133544,0.026959,2635.070265,0.535439,7.307783,1342.876364,4.848657,0.002233,0.263507,0.000730778,0.134288,0.000484866,,,,,,0.003633537,0.024569944
GTK-21-02A,825,826,half-NQ2,2.29,grey foliated microgranitoid with disseminated magnetite,0.0025,0.04,57500,0.1,230,3.39,0.14,1100,0.02,217,22.5,5,1.6,2.8,86500,27.6,0.29,7.4,0.105,1.89,113,17.7,4.06,694,1.92,500,19.9,13.3,610,2.8,72.9,0.001,100,0.08,8.5,0.5,8.1,4.6,1.36,0.025,23.9,2390,0.16,5.7,47,2.7,23.1,61,260,4.98,2.64,1.99,9.82,0.86,0.5,83,22.6,13.3,0.97,0.32,2.41,10.86441,256.793873,0.153911,12.36716,2.276705,6.7326,0.067398,1397.732923,0.39866,7.307783,896.111727,5.439956,0.025679,0.139773,0.000730778,0.089611,0.000543996,,,,,,0.0102055,0.226831206
GTK-21-02A,835,836,half-NQ2,2.44,"grey foliated microgranitoid with disseminated magnetite, v.minor quartz veinlets",0.0025,0.005,63100,0.3,140,1.81,0.1,1700,0.01,219,42.4,5,0.5,0.4,114500,32.5,0.37,9.1,0.062,0.98,110.5,30.2,5.9,1020,0.63,400,21.6,14.6,890,3.4,24,0.001,100,0.08,9.6,0.5,5.8,4.6,1.54,0.025,26.2,2750,0.05,14.4,41,2.3,25.4,81,305,4.78,2.44,2.07,8.97,0.88,0.45,84.6,23.2,13.2,1.08,0.37,2.54,11.922509,156.309314,0.237862,16.370403,1.180514,9.783827,0.053919,2039.315248,0.458709,7.307783,1317.051818,5.439956,0.015631,0.203932,0.000730778,0.131705,0.000543996,,,,,,0.007439825,0.107177978
GTK-21-02A,844,845,half-NQ2,3.19,grey foliated microgranitoid with fine chlorite veinlet stockwork and weak dissem magnetite,0.0025,0.005,60700,0.1,550,2.85,0.05,1200,0.03,271,12.4,7,1.83,1.3,83700,27.2,0.3,8.2,0.054,3.68,140.5,10.3,2.18,422,19.55,800,21.9,9.2,680,3.3,113,0.004,100,0.07,10.4,1,7.9,7.9,1.49,0.025,25.8,2520,0.23,11.9,28,2.2,16.2,35,285,4.44,1.66,2.66,10.7,0.76,0.42,103,28.7,16.6,1.06,0.25,1.81,11.469038,614.072304,0.167902,11.966836,4.43295,3.615041,0.107837,1558.128504,0.420345,10.230897,544.897909,9.342534,0.061407,0.155813,0.001023,0.05449,0.000934253,,,,,,0.015467973,0.418377163
GTK-21-02A,854,855,half-NQ2,2.54,"green-grey foliated microgranitoid w/ minor mt-py dissem & veinlets, minor quartz veins",0.0025,0.1,56200,0.6,450,2.9,0.32,1100,0.01,136,23.8,9,1.37,1.9,74300,20.7,0.18,6.6,0.025,3.49,69.6,10.4,1.66,269,21.6,3800,15.3,8.9,570,14.1,108,0.001,2500,0.07,6.6,1,4.1,7.5,0.98,0.09,21.2,1980,0.23,5.6,27,1.7,13.4,26,240,3.11,1.44,1.44,6.24,0.54,0.29,54.8,14.8,9.24,0.63,0.22,1.79,10.61878,502.422794,0.153911,10.62289,4.204075,2.752738,0.512228,1306.078305,0.330271,13.15401,347.340136,8.869494,0.050242,0.130608,0.001315,0.034734,0.000886949,,,,,,0.079355931,0.428546502
GTK-21-02A,864,865,half-NQ2,2.71,grey foliated microgranitoid w/ 10% quartz stockwork and dissem mt-py,0.0025,0.01,57100,0.1,230,2.99,0.17,1000,0.02,249,34,14,1.16,1,82700,23.9,0.29,7.1,0.034,2.53,131,17.9,2.56,404,21.9,1800,15.1,8.7,490,4.6,86.7,0.002,2400,0.07,6.8,1,5.5,7.4,1,0.05,22.4,1810,0.18,5.4,25,1.2,15.7,37,249,4.12,1.74,2.48,9.25,0.65,0.32,98.4,26.5,15.25,0.92,0.25,2.03,10.788832,256.793873,0.139919,11.823863,3.047653,4.245186,0.242634,1122.769069,0.301914,20.461793,521.655818,8.751234,0.025679,0.112277,0.002046,0.052166,0.000875123,,,,,,0.03699717,0.305768861
GTK-21-02A,875,876,half-NQ2,2.56,"grey-green foliated microgranitoid w/ fine chlorite veinlet stockwork, mt-py disseminations & veinlets",0.0025,0.25,62186.99,0.6,350,,0.19,1072.05,0.25,163.5,36,10,1.91,1,75888.48,25.1,2.5,13.8,0.009,3.16286,86.2,10,1.797047,387.25,7,9866.7,37.4,11,480.349345,2,111.5,0.0005,3300,0.025,7,0.5,7,11.4,2.3,0.06,23.1,3177.39,0.11,5.81,18,3,67.1,29,567,11.2,6.47,2.42,12,2.31,0.87,66,18.05,12.65,1.8,0.95,6.01,,,,,,,,,,,,,,,,,,68.9,1.38,101.88,0.01,0.0025,0.186210642,0.350985581
GTK-21-02A,886,887,half-NQ2,2.51,"gy-gn foliated microgranitoid w/ fine chl veinlet stockwork, mt-py disseminations & veinlets, v.minor qz veinlets",0.0025,0.25,60069.99,0.4,355,,0.1,1357.93,0.25,183.5,20,10,1.11,1,82533.09,20.8,2.5,12.3,0.009,3.901691,100,20,1.646288,387.25,24,5415.56,29.2,10,698.6899563,1,94.6,0.002,1400,0.025,7,0.5,6,5.6,2,0.02,22.6,2997.54,0.1,6.12,27,2,67,28,481,12.05,6.58,2.41,12.75,2.42,0.92,70,19.5,12.95,1.95,0.95,6.15,,,,,,,,,,,,,,,,,,68.2,1.11,101.56,0.01,0.0025,0.105807858,0.448233339
GTK-21-02A,896,897,half-NQ2,2.37,grey-green foliated microgranitoid with fine chl veinlet-stockwork and disseminated mt-py veinlets,0.0025,0.005,61400,0.2,370,4.44,0.11,1500,0.01,164,16.2,8,0.8,1.2,76000,27.7,0.22,7.7,0.028,3.33,83.8,8.7,0.74,285,14.95,20500,8.9,9.3,730,4.8,74.5,0.001,1200,0.1,8.5,0.5,4.5,10.5,0.61,0.025,23.5,1450,0.14,5.6,23,0.7,19.4,26,268,4.41,2.19,1.78,7.62,0.77,0.39,64.5,17.45,10.6,0.87,0.32,3,11.601301,413.103186,0.209878,10.865944,4.011338,1.227124,2.763336,1672.696777,0.241865,11.692453,367.999773,12.417292,0.04131,0.16727,0.001169,0.0368,0.001242,,,,,,0.391847969,0.374269731
GTK-21-02A,907,908,half-NQ2,2.26,"complete chlorite alteration and grey-green foliated microgranitoid, minor quartz veining",0.0025,0.01,59900,0.1,170,2.46,0.07,1000,0.05,271,18.2,33,0.91,13.7,53700,41.5,0.3,5.8,0.068,1.85,145.5,22.9,3.6,625,9.05,600,10.7,11.6,470,2.5,67.8,0.001,500,0.11,13.8,0.5,13.2,4,0.79,0.025,17,2240,0.15,4.2,29,2.9,19.5,44,198.5,4.39,2.05,3.16,10.6,0.76,0.4,106.5,28.5,17.8,1.02,0.31,2.12,11.317881,189.804167,0.139919,7.677647,2.228521,5.969793,0.080878,1076.94176,0.37364,48.23137,807.017045,4.730397,0.01898,0.107694,0.004823,0.080702,0.00047304,,,,,,0.011755918,0.213134497
GTK-21-02A,914,915,half-NQ2,2.85,complete chlorite alteration,0.0025,0.005,73700,0.1,10,1.76,0.19,1300,0.03,320,45.2,7,0.72,6.6,122000,41.2,0.48,14.1,0.033,0.23,157.5,34.6,10.7,1295,9.16,200,24,8.1,660,2.8,11.6,0.002,100,0.16,9.6,0.5,7.5,7.1,1.99,0.025,30.8,2790,0.06,8.4,30,0.9,28.5,107,424,5.42,3.33,3.83,10.8,1.04,0.79,135,35.8,21.9,1.11,0.52,3.98,13.92534,11.164951,0.181894,17.4427,0.277059,17.743551,0.026959,1512.301195,0.465382,10.230897,1672.139318,8.396455,0.001116,0.15123,0.001023,0.167214,0.000839646,,,,,,0.003184891,0.021536206
GTK-21-02A,924,925,half-NQ2,2.32,green-grey chlorite-altered microdiorite with minor quartz veinlets,0.0025,0.005,63300,0.1,110,2.14,0.23,1000,0.06,58.7,22.9,12,0.61,2,49400,25.2,0.1,9.2,0.04,1.95,27.5,18.4,3.89,430,14.3,700,11.6,6.3,450,2.5,68.8,0.001,50,0.07,9.8,0.5,19,5.8,0.94,0.06,21.5,1510,0.15,6.7,16,1.5,17.7,30,309,3.46,2.32,0.81,4.32,0.73,0.58,27.3,7.07,5.64,0.63,0.38,3.2,11.960299,122.814461,0.139919,7.062864,2.348982,6.450693,0.094358,1031.114451,0.251873,17.53868,555.227727,6.859076,0.012281,0.103111,0.001754,0.055523,0.000685908,,,,,,0.012978558,0.212588489
GTK-21-02A,934,935,half-NQ2,2.34,quartz-chlorite matrix-supported vein breccia of v.strong chlorite-altered rock,0.0025,0.01,39100,0.2,70,1.36,0.09,100,0.01,54.7,14.6,19,0.38,3.1,29400,10.95,0.07,6.3,0.009,1.34,24.5,11.5,2.07,230,2.28,500,20.4,2.7,30,2.7,66.4,0.001,100,0.1,1.1,0.5,2.1,3.1,1.33,0.025,14.4,600,0.13,3.4,5,1,15.7,16,197,3.23,2.31,0.59,3.16,0.73,0.45,23.4,6.45,4.19,0.51,0.36,2.64,7.387799,78.154657,0.013992,4.203405,1.614172,3.432631,0.067398,68.740963,0.100082,27.769577,296.982273,3.666058,0.007815,0.006874,0.002777,0.029698,0.000366606,,,,,,0.015008088,0.236503125
GTK-21-02A,944,945,half-NQ2,2.47,green-grey foliated microgranitoid w/ fine chloritic veinlet stockwork,0.0025,0.005,57600,0.6,420,4.83,0.11,200,0.01,74.1,12.1,8,0.75,2.7,26000,23.4,0.12,10.5,0.016,4.73,34.5,12.4,1.59,151,1.1,1200,36.5,1.9,50,3.6,146,0.001,1000,0.07,1.1,0.5,3.6,5.5,2.3,0.025,25.1,1010,0.32,5.7,3,1.4,36.1,11,325,7.48,4.65,1.21,7.27,1.55,0.8,34.1,8.93,7.52,1.25,0.69,4.76,10.883305,468.927941,0.027984,3.717297,5.697786,2.636659,0.161756,114.568272,0.168471,11.692453,194.975318,6.504296,0.046893,0.011457,0.001169,0.019498,0.00065043,,,,,,0.024450676,0.566692546
GTK-21-02A,954,955,half-NQ2,2.39,taupe foliated microgranitoid w/ fine chloritic veinlet stockwork; minor pyrite,0.0025,0.02,55700,0.1,470,5.66,0.27,400,0.01,104.5,21.2,17,0.41,1.1,34100,19.55,0.16,10.9,0.01,5.16,47.9,6.8,0.77,117,30.4,1600,30.7,2.4,50,5.4,127.5,0.003,2100,0.08,0.9,1,3.9,7.5,1.88,0.05,23.2,870,0.29,6.7,5,0.8,52.6,9,357,10.25,6.28,1.49,10.65,2.09,0.99,50.4,12.55,10.75,1.79,0.88,6.1,10.524307,524.752696,0.055967,4.875378,6.215767,1.276872,0.215675,114.568272,0.145119,24.846463,151.073591,8.869494,0.052475,0.011457,0.002485,0.015107,0.000886949,,,,,,0.033712961,0.639298006
GTK-21-02A,962,962.9,half-NQ2,1.92,"brownish (feldspar?) altered microgranitoid, well broken due to fine chloritic veinlet stockwork",0.0025,0.03,57200,0.3,720,1.62,0.1,100,0.02,84,6.5,9,0.28,1.4,20400,15.05,0.15,11,0.009,6.84,37.8,4.6,0.57,135,4.62,2200,25.9,2.8,50,6.4,133.5,0.002,400,0.11,1.6,0.5,3.7,9.1,1.47,0.025,23,790,0.27,6.2,5,0.6,27,13,366,4.76,3.44,1.07,4.96,1.05,0.76,36.2,9.71,6.37,0.81,0.54,4.06,10.807726,803.876471,0.013992,2.916648,8.239505,0.945217,0.296553,114.568272,0.131775,13.15401,174.315682,10.761653,0.080388,0.011457,0.001315,0.017432,0.001076,,,,,,0.04513971,0.825218425
GTK-21-02A,962.9,963.8,half-NQ2,2.12,"brownish (feldspar?) altered microgranitoid, well broken due to fine chloritic veinlet stockwork",0.0025,0.005,53500,0.2,680,1.5,0.02,100,0.02,101.5,2.1,16,0.23,1.6,20400,15.4,0.19,10.5,0.007,6.86,47.8,3.5,0.38,105,1.32,2200,21.6,1.9,50,4.2,123.5,0.001,100,0.11,1.7,0.5,3.4,9.8,1.33,0.025,23.7,620,0.24,6.9,4,0.5,23.1,7,340,4.57,3.27,1.19,5.3,0.99,0.8,41,11.2,7.19,0.82,0.54,4.07,10.108625,759.216667,0.013992,2.916648,8.263597,0.630145,0.296553,114.568272,0.103418,23.384907,135.578864,11.589473,0.075922,0.011457,0.002338,0.013558,0.001159,,,,,,0.048261521,0.8848694
